POLYGON ((23.781818144310435 18.553882593405948, 23.39966298132044 -21.190254357553727, -23.41434448495417 -21.190254357553727, -23.41434448495417 18.553882593405948, 23.781818144310435 18.553882593405948), (-1.1902066964067215 -8.698338343164906, -1.190416040031611 -8.697443541843528, -1.1905423575701233 -8.696533301195409, -1.190584582278024 -8.695615308149648, -1.190584582278024 -6.149094818349017, -1.190536429544746 -6.1481146469457215, -1.1903924350820565 -6.147143915128855, -1.1901539856353462 -6.146191971576473, -1.189823377603137 -6.145267984025367, -1.1894037949215077 -6.144380850980757, -1.1888992784010497 -6.143539116018822, -1.1883146868116516 -6.142750885507382, -1.1876556500898896 -6.142023750537152, -1.135904583065609 -6.090272683512871, -1.13517744809538 -6.089613646791108, -1.1343892175839396 -6.08902905520171, -1.1335474826220036 -6.088524538681252, -1.1326603495773944 -6.088104955999622, -1.1317363620262881 -6.0877743479674145, -1.1307844184739047 -6.087535898520703, -1.129813686657039 -6.087391904058014, -1.1288335152537436 -6.0873437513247355, -0.6339468536568816 -6.0873437513247355, -0.6337072377837893 -6.087331829859931, -0.6336299474669709 -6.087104708537976, -0.5953603186567584 -5.953161007702234, -0.5953073397231124 -5.952933495665591, -0.5955393665935044 -5.952906439693155, -1.1617190007489475 -5.915161130749458, -1.1626740045812234 -5.91505115491012, -1.1636140357637912 -5.914849987366266, -1.1645304072146379 -5.914559487161494, -1.1654146504977214 -5.9141823388866435, -1.1662585940820733 -5.913722027870775, -1.167054438857125 -5.913182807972288, -1.1677948302063925 -5.9125696622678845, -1.168472925973476 -5.911888257002595, -1.1690824596922724 -5.911144889226492, -1.1696177984970824 -5.910346428601937, -1.1700739951774428 -5.909500253919186, -1.1704468338966354 -5.908614184906991, -1.1707328691513712 -5.907696409968377, -1.1709294576126177 -5.906755410509395, -1.1710347825533156 -5.905799882560161, -1.1710478706372458 -5.904838656412494, -1.1521874594721748 -5.357886732625442, -1.1521916693201844 -5.357635760655021, -1.152359834444371 -5.3574494138177275, -1.2288083496363988 -5.281000898625701, -1.2289944963072792 -5.2808330077150885, -1.229240494921583 -5.280881201311175, -1.3823679906121258 -5.31916307523381, -1.382601991545924 -5.319234373696947, -1.382615772279146 -5.319478607190269, -1.4017617769201698 -8.746613437933553, -1.4018150435992336 -8.747589852168339, -1.4019634216480903 -8.7485563955205, -1.4022054922430505 -8.749503825688928, -1.4025389406515942 -8.750423083136997, -1.402960578366357 -8.751305377721861, -1.4034663735943413 -8.752142272747738, -1.4040514898098115 -8.752925765639464, -1.404710332002222 -8.75364836446488, -1.405436600176945 -8.754303159574341, -1.4062233495972103 -8.754883889672326, -1.4070630571912128 -8.755385001689307, -1.4079476934893895 -8.755801703881453, -1.4088687994039786 -8.756130011650322, -1.4098175671166882 -8.756366785644483, -1.4107849243010002 -8.756509761778682, -1.4117616208737616 -8.756557572883532, -9.591541616781894 -8.756557572883532, -9.592518479702425 -8.756509745452096, -9.593485998454087 -8.756366720650432, -9.594434918249526 -8.756129866580311, -9.595356162209454 -8.7558014488661, -9.5962409181874 -8.755384608982938, -9.597080723062193 -8.75488333420701, -9.59786754369182 -8.754302419475314, -9.598593853754338 -8.75364742151975, -9.5992527057408 -8.752924605714277, -9.59983779741157 -8.752140886143573, -9.600343532080291 -8.751303759466444, -9.600765072148926 -8.75042123320664, -9.601098385381727 -8.749501749156996, -9.601340283475537 -8.748554102629582, -9.60148845255746 -8.74758735832426, -9.60154147531817 -8.746610763620428, -9.62069027188435 -5.1466370091785665, -9.620702566434916 -5.146405857383979, -9.620918365827665 -5.146322156454156, -9.75419637213227 -5.101832685162429, -9.76063914870436 -5.099748257447931, -9.760723223510384 -5.099720645242892, -9.850888506942598 -5.069665550765486, -9.851123949082648 -5.069600028736445, -9.851305232592424 -5.06976392634681, -9.908562615922902 -5.127021309677286, -9.90872438144391 -5.127199790425656, -9.908736200894523 -5.127440380869998, -9.908736200894523 -9.044349446830168, -9.908723997509668 -9.044590673183928, -9.908483792071806 -9.044615979783236, -9.760702889657388 -9.05266630131554, -9.760659736077262 -9.05266874564303, -9.754131980158574 -9.053052648588702, -8.824534731277504 -9.103939505190112, -8.507196240740127 -9.121398878006865, -8.506920599331934 -9.12139871785768, -8.506651768338441 -9.121337823617667, -8.375072774706974 -9.083743825437248, -8.374053290262069 -9.083509447662877, -8.373014899622488 -9.083382852425393, -8.371968965704633 -9.083365425033028, -8.370926933969605 -9.083457356190506, -8.369900207177636 -9.083657639912204, -8.14228474069398 -9.140561506533118, -8.14206165716986 -9.140606615931604, -8.141833126691504 -9.140610212604011, -8.0145533953692 -9.136776485496652, -7.5085854391375335 -9.121420857082944, -7.508365223713833 -9.121404392084584, -7.5081473281770075 -9.121368510835515, -7.144526378881276 -9.044816732036411, -7.143501895020093 -9.044655999984988, -7.142466274070777 -9.044602229886278, -6.552357338152864 -9.044602229886278, -6.551377166749569 -9.044650382619556, -6.550406434932703 -9.044794377082246, -6.54945449138032 -9.045032826528956, -6.548530503829214 -9.045363434561166, -6.547643370784605 -9.045783017242796, -6.546801635822668 -9.046287533763252, -6.5460134053112276 -9.04687212535265, -6.545286270340998 -9.047531162074412, -6.47157687896669 -9.121240553448724, -6.471398398218321 -9.121402318969732, -6.471157807773979 -9.121414138420347, -6.1835954343914885 -9.121414138420347, -6.1833670854268314 -9.12140331786475, -6.1833012051871075 -9.121184411199502, -6.164214544319382 -9.044837767728596, -6.164169475585249 -9.044611288120713, -6.164395143333085 -9.044562315973899, -6.271017512532954 -9.026791921107254, -6.271997943033753 -9.026577459455895, -6.272951939381386 -9.026265804621984, -6.273869892564346 -9.025860095710705, -6.2747425566114945 -9.025364419175439, -6.275561141720971 -9.024783767657452, -6.2763174027943975 -9.02412398969812, -6.277003722484629 -9.023391730830234, -6.277613187920544 -9.022594366641657, -6.278139660336095 -9.021739928485639, -6.278577836902281 -9.020837022585978, -6.278923304139244 -9.019894743351896, -6.279172582370501 -9.018922581775705, -6.279323160771561 -9.017930329835957, -6.279373522659902 -9.016927981868932, -6.279373522659902 -8.958587344218698, -6.279325369926624 -8.957607172815402, -6.279181375463934 -8.956636440998537, -6.278942926017223 -8.955684497446155, -6.278612317985015 -8.954760509895047, -6.278192735303385 -8.953873376850437, -6.277688218782927 -8.9530316418885, -6.277103627193529 -8.952243411377061, -6.276444590471766 -8.951516276406833, -6.275717455501537 -8.950857239685071, -6.274929224990097 -8.950272648095671, -6.274087490028162 -8.949768131575214, -6.273200356983552 -8.949348548893585, -6.272276369432446 -8.949017940861376, -6.271324425880064 -8.948779491414667, -6.270353694063196 -8.948635496951978, -6.269373522659901 -8.948587344218698, -6.189857367883204 -8.948587344218698, -6.188898367295401 -8.948633434540959, -6.187948206836828 -8.948771280644179, -6.187015645147827 -8.948999611854095, -6.186109278642157 -8.949316323398898, -6.185237462264684 -8.949718495811155, -6.184408232474965 -8.950202421839649, -6.183629233166648 -8.950763640623059, -6.182907645205562 -8.951396978810466, -6.182250120236045 -8.952096598249643, -6.181662719365644 -8.952856049803504, -6.181150857293438 -8.953668332798678, -6.180719252397001 -8.954525959558163, -6.106644268835113 -9.121194672572413, -6.106539454467339 -9.121402945479701, -6.106306563132833 -9.121414138420347, -6.0107736394018465 -9.121414138420347, -6.010538536507024 -9.121402762352611, -6.01041441597566 -9.12120277015333, -5.917494611079591 -8.953947121340404, -5.916966082127829 -8.953098648253025, -5.916355484382381 -8.952307181370514, -5.9156689192377545 -8.951580629421208, -5.914913247192264 -8.950926252471337, -5.914096019294539 -8.950350589378862, -5.9132254016897114 -8.949859392453973, -5.912310094019261 -8.949457569979153, -5.911359242489893 -8.949149137163202, -5.910382348480121 -8.948937176019285, -5.909389173597798 -8.948823804567931, -5.908389642137305 -8.948810155672726, -5.133171576714942 -8.976999903506266, -5.132185658076427 -8.977084749171242, -5.131212952392095 -8.977266622754557, -5.130262984730121 -8.977543743287614, -5.129345057500149 -8.977913397110962, -5.1284681593609145 -8.978371964447396, -5.1276408772001965 -8.978914954848044, -5.126871312049073 -8.979537051164392, -5.126166999753841 -8.98023216161563, -5.125534837182414 -8.98099347944146, -5.124981014687832 -8.981813549556227, -5.1245109554901935 -8.982684341551687, -5.124129262570619 -8.98359732833351, -5.123839673597285 -8.984543569621534, -5.123645024324887 -8.985513799496045, -5.123547220825961 -8.986498517132848, -5.123547220825961 -8.987488079838613, -5.123645024324887 -8.988472797475417, -5.123839673597285 -8.989443027349928, -5.124129262570619 -8.990389268637953, -5.1245109554901935 -8.991302255419775, -5.124981014687832 -8.992173047415234, -5.125534837182414 -8.99299311753, -5.126166999753841 -8.99375443535583, -5.126871312049073 -8.99444954580707, -5.1276408772001965 -8.995071642123419, -5.1284681593609145 -8.995614632524065, -5.129345057500149 -8.996073199860499, -5.130262984730121 -8.996442853683847, -5.131212952392095 -8.996719974216903, -5.132185658076427 -8.996901847800219, -5.133171576714942 -8.996986693465194, -5.914276664965477 -9.025390514856122, -5.914509252605488 -9.02541019868584, -5.914606258373688 -9.025622505879268, -5.952833894279573 -9.121191595643978, -5.952908444863106 -9.121407428860289, -5.952695525374804 -9.121489933758786, -5.895568407110375 -9.140532306513593, -5.895311664094021 -9.140602844362464, -5.895045790256156 -9.140617115553864, -5.050608198971641 -9.140617115553864, -5.050385762654201 -9.140607091365808, -5.050189867683345 -9.140501244494963, -4.9572349654449175 -9.084728303151905, -4.956423757217305 -9.084291095216686, -4.955575746375795 -9.083930419212711, -4.954698134309582 -9.08364933803511, -4.953798373784296 -9.083450238652137, -4.952884105652399 -9.083334811834801, -4.951963093966336 -9.083304037798673, -4.951043160045462 -9.083358177879818, -4.589767565808849 -9.121387187799462, -4.589517436104216 -9.121400557240719, -4.5893565394582465 -9.121208599584465, -4.580668911177747 -9.109687971222504, -4.534902484233832 -9.04860600770287, -4.534242972577331 -9.047814325439019, -4.5335054956824195 -9.047094711472068, -4.532697883462471 -9.046454806061751, -4.531828710469132 -9.045901403188964, -4.530907204854895 -9.045440378422938, -4.529943150396289 -9.04507662653937, -4.528946782617911 -9.044814009551779, -4.52792868012019 -9.044655315707876, -4.526899652264636 -9.044602229886278, -3.400327502078829 -9.044602229886278, -3.3994011665013333 -9.044645227204855, -3.3984827969130245 -9.044773849406704, -3.397580290799855 -9.04498699040987, -3.130308305906528 -9.121350414665109, -3.1300842754061144 -9.121403418021274, -3.1298533147928467 -9.121414138420347, -2.6310812715667007 -9.121414138420347, -2.6308094998055758 -9.12139926659141, -2.630540973576354 -9.121354828705812, -2.28622586118019 -9.04484035928444, -2.285147724320919 -9.04466194050371, -2.2840565566020037 -9.044602229886278, -1.1765471392146682 -9.044602229886278, -1.1755949789098217 -9.044647663559518, -1.1746514706330076 -9.044783551735504, -1.1737251877935753 -9.045008659634439, -1.172824547277896 -9.045320941760577, -1.1719577329673478 -9.045717560489107, -1.1711326213735611 -9.046194911850879, -1.1703567100666425 -9.046748658280743, -1.1696370495467487 -9.047373768031823, -1.1689801791780605 -9.048064560897688, -1.168392067767316 -9.048814759826866, -0.7490378125992667 -9.639723028472757, -0.7489093480831809 -9.639888812072517, -0.7487674111079201 -9.640043218124516, -0.672277784644698 -9.71653284458774, -0.6720993038963331 -9.716694610108746, -0.6718587134519911 -9.716706429559359, -0.5379306827285991 -9.716706429559359, -0.5376963197510852 -9.716694829793463, -0.5377106719936968 -9.71646061926225, -0.5568569085270041 -9.544144490462484, -0.5568998380208602 -9.543884982215824, -0.5570462278706142 -9.543666447359529, -1.188584582278024 -8.701615308149648, -1.1891015983391597 -8.700855578888298, -1.1895466886972212 -8.700051595846697, -1.1899160945901368 -8.699210148614661, -1.1902066964067215 -8.698338343164906), (14.38278737312097 -9.025401118136477, 14.383018765007007 -9.025388103903513, 14.383032628587976 -9.025156761351605, 14.436881641760154 -4.286443602200254, 14.073512407500951 -4.395574290140881, 14.056873113513895 -4.944670991713671, 14.056797702247104 -4.945630475031415, 14.056630402501908 -4.946578265035289, 14.056372763967648 -4.94750558239297, 14.056027173137432 -4.948403837409241, 14.05559683120217 -4.94926470959194, 14.055085724398106 -4.950080224724251, 14.054498587082504 -4.950842828729496, 14.053840857879528 -4.951545457644173, 14.053118629302526 -4.952181603051098, 14.052338591319392 -4.952745372366562, 14.051507969383715 -4.953231543423044, 14.050634457505755 -4.9536356128418895, 14.049726146983193 -4.953953837747882, 14.048791451451866 -4.9541832704393265, 14.04783902895064 -4.9543217856924535, 14.04687770172244 -4.954368100447262, 13.906792804718263 -4.954368100447262, 13.90574783717387 -4.9543133527231555, 13.90471431154844 -4.954149709013494, 13.903703544477134 -4.953878961142412, 13.9027266033993 -4.95350407367586, 13.901794185375065 -4.953029151460955, 13.900916499957368 -4.952459394679774, 13.900103157402038 -4.951801041909734, 13.7111202524654 -4.781716427466761, 13.71092051407976 -4.781554751038289, 13.710663893878332 -4.781541306245614, 13.154269198754433 -4.781541306245614, 13.154042947225259 -4.78155162445296, 13.15385544662234 -4.78167922362297, 13.07741777626253 -4.839007476392827, 13.077240846194485 -4.839153824466564, 13.077321155279385 -4.839368934806978, 13.134737784495053 -4.97334106964354, 13.134844943670045 -4.973560142090967, 13.135083195705114 -4.973612216977415, 13.243399800137306 -4.99166498438278, 13.244365864376972 -4.991875550245504, 13.245306412255273 -4.992180489233387, 13.24621224880593 -4.992576820207699, 13.247074518406894 -4.9930606685651036, 13.247884791354489 -4.993627304116496, 13.24863514627374 -4.9942711873301775, 13.24931824755916 -4.994986023487323, 13.249927417088958 -4.9957648242202914, 13.250456699511567 -4.99659997583217, 13.25090092046623 -4.997483313729662, 13.251255737168504 -4.998406202241615, 13.25151768086609 -4.999359619042914, 13.28840873324032 -5.165369354726952, 13.288468927218279 -5.16559020843799, 13.288697247107676 -5.165606631128487, 14.066026068792155 -5.184565870681766, 14.066989646702238 -5.184636056886298, 14.067941954565056 -5.184798901064938, 14.06887410345815 -5.185052883216295, 14.06977739262459 -5.185395632649402, 14.070643390686593 -5.1858239501119385, 14.071464014344702 -5.186333837652342, 14.072231603828005 -5.186920535937005, 14.072938994391079 -5.187578568674316, 14.073579583190341 -5.188301793730829, 14.074147390915535 -5.1890834604624425, 14.074637117601135 -5.189916272725511, 14.075044192096673 -5.190792456979641, 14.075364814734233 -5.191703834846603, 14.075595992794895 -5.192641899447988, 14.075735568443003 -5.193597894809148, 14.075782238867607 -5.194562897588196, 14.075782238867607 -8.675603528725734, 14.07573408613433 -8.67658370012903, 14.075590091671641 -8.677554431945895, 14.075351642224929 -8.678506375498278, 14.07502103419272 -8.679430363049384, 14.074601451511093 -8.680317496093995, 14.074096934990633 -8.681159231055931, 14.073512343401234 -8.68194746156737, 14.072853306679475 -8.6826745965376, 14.021175815729448 -8.734352087487627, 14.020431565034961 -8.735025139068128, 14.019623609142748 -8.735620214527627, 14.018760083421496 -8.736131322006528, 14.01784968277668 -8.736553315125168, 14.016901574100917 -8.736881944803072, 14.015925303971816 -8.737113902043276, 14.014930702526787 -8.737246851250875, 14.013927784482632 -8.73727945375029, 11.858059927944744 -8.69912250053723, 11.857091749483425 -8.699058282588668, 11.85613435245837 -8.698900534643201, 11.85519675070013 -8.698650741887448, 11.85428777166811 -8.698311256103914, 11.853415973340603 -8.697885273529105, 11.852589563642011 -8.697376804761182, 11.851816323165743 -8.696790637000433, 11.851103531920451 -8.696132288978095, 11.850457900789223 -8.69540795899786, 11.84988550834705 -8.694624466579246, 11.849391743631442 -8.69378918825228, 11.848981255404992 -8.692909988107928, 11.84865790838758 -8.691995143758211, 11.848424746870283 -8.69105326840301, 11.848283966053586 -8.690093229737366, 11.848236891379692 -8.689124066462702, 11.848236891379692 -5.194464942000182, 11.848282955606608 -5.19350621230662, 11.848420723904756 -5.192556315241487, 11.848648927036107 -5.1916240020595765, 11.848965462600493 -5.190717862018083, 11.849367414404705 -5.189846243245103, 11.849851079328916 -5.189017175829625, 11.850412001442965 -5.188238297841559, 11.85104501305814 -5.1875167849633845, 11.85174428233631 -5.186859284381686, 11.852503367017727 -5.186271853547666, 11.853315273772594 -5.185759904370769, 11.854172522629506 -5.185328153359608, 11.855067215887297 -5.184980578169491, 11.855991110875316 -5.184720380956905, 11.856935695891885 -5.184549958878538, 11.857892268621294 -5.1844708820066465, 12.40078028647603 -5.165750605528896, 12.401804528042023 -5.165767786337219, 12.402821637919551 -5.165889661120147, 12.403820942903728 -5.166114950965189, 12.40479195662816 -5.166441291757387, 12.40572448960529 -5.166865258987536, 12.40660875615145 -5.167382403687816, 12.407435477074447 -5.167987299117749, 12.408195977046294 -5.168673597710567, 12.459803227464086 -5.22028084812836, 12.46046226418585 -5.2210079830985885, 12.461046855775246 -5.221796213610029, 12.461551372295704 -5.222637948571965, 12.461970954977332 -5.223525081616575, 12.462301563009541 -5.22444906916768, 12.462540012456252 -5.225401012720064, 12.462684006918941 -5.22637174453693, 12.46273215965222 -5.2273519159402255, 12.46273215965222 -5.991083379436066, 12.462743654892007 -5.9913173704173674, 12.462977645873307 -5.991328865657153, 12.577704536232233 -5.991328865657153, 12.577938527213533 -5.9913173704173674, 12.57795002245332 -5.991083379436066, 12.57795002245332 -5.089042051779789, 12.577937333098062 -5.0887915449697765, 12.57785031698899 -5.088556294298444, 12.520441508831784 -4.954602408598297, 12.520332625417993 -4.954380337525975, 12.520086423762585 -4.954356760051227, 11.774302299541427 -4.921146812597165, 11.656459223029636 -4.9159732141161605, 11.656219225094084 -4.91597479433115, 11.656207120044527 -4.916214492003069, 11.656207120044527 -7.777001742369414, 11.656198800575533 -7.7774095660645575, 11.618121819243576 -8.710295608697441, 11.618037828412753 -8.711243397338093, 11.617864137543693 -8.712178912837167, 11.617602319160177 -8.71309368543244, 11.617254743655275 -8.713979433159166, 11.616824557830814 -8.714828136831503, 11.616315656407572 -8.715632112644839, 11.615732646764108 -8.7163840817417, 11.615080807223508 -8.717077236111463, 11.61436603926569 -8.717705300227204, 11.613594814097869 -8.718262587861668, 11.612774114067008 -8.718744053567974, 11.611911369444577 -8.719145338358954, 11.611014391156022 -8.719462809171587, 11.610091300063955 -8.719693591759208, 11.522037814555857 -8.737304288860825, 11.521796696078955 -8.737365519520388, 11.521724065887694 -8.737603452638892, 11.502644004852474 -8.813923696779757, 11.502598351023494 -8.814154925352922, 11.502833558226676 -8.814170041460764, 11.774306271481365 -8.818007111754634, 14.176641720460328 -8.85236709433836, 14.177614479174117 -8.852428513906998, 14.178576637702964 -8.852584343442182, 14.179519055234117 -8.852833102513655, 14.1804327785006 -8.85317242783094, 14.181309126840103 -8.853599095695346, 14.18213977466403 -8.854109052626146, 14.182916830553252 -8.854697453869932, 14.183632912229113 -8.85535870942731, 14.184281216687408 -8.856086537159689, 14.184855584829112 -8.856874022471589, 14.184954678113474 -8.85704212145524, 14.185009299622132 -8.856944537736686, 14.185563397946002 -8.856147358362719, 14.186192186727522 -8.855407666146304, 14.18688973950725 -8.854732432833822, 14.187649481711388 -8.854128022633668, 14.18846425261841 -8.853600132232295, 14.189326372850326 -8.85315373710182, 14.19022771675233 -8.852793044605214, 14.19084613446092 -8.85261284802379, 14.190992401453308 -8.852561981595832, 14.191138402581362 -8.852365007182131, 14.216804113078263 -8.81386644143678, 14.217374943867254 -8.81309342903991, 14.218017334815475 -8.812378775400012, 14.218725354110886 -8.81172907959989, 14.21949246393196 -8.81115034090429, 14.220311580817626 -8.810647903362907, 14.221175141075697 -8.81022640646369, 14.222075170625681 -8.809889742291949, 14.22300335863111 -8.809641019591036, 14.223951134241487 -8.809482535056306, 14.22490974573516 -8.809415752127544, 14.225870341332365 -8.809441287475615, 14.226824050932215 -8.809558905308146, 14.227762068018833 -8.80976751954683, 14.228675730980388 -8.81006520385622, 14.22955660309004 -8.810449209431452, 14.230396550410365 -8.810915990380566, 14.23118781690177 -8.811461236467165, 14.231923096041482 -8.812079912910937, 14.232595598291665 -8.81276630687862, 14.23319911379374 -8.81351408023608, 14.233728069709972 -8.814316328074382, 14.234177581682822 -8.815165642469431, 14.234543498936914 -8.816054180886455, 14.234822442607125 -8.816973738597653, 14.245519562677144 -8.859494790875987, 14.245715063164855 -8.860477759797796, 14.245811190292812 -8.861475360878996, 14.245806978513682 -8.862477573732063, 14.245702470132603 -8.863474331646614, 14.245498714882277 -8.864455622704305, 14.24519775937894 -8.865411590343376, 14.244802626565155 -8.866332632362726, 14.244317285345918 -8.867209497371062, 14.243746610723058 -8.86803337771235, 14.243096334828358 -8.868795997934162, 14.242372989347269 -8.869489697910323, 14.241583839911478 -8.870107509782924, 14.240736813119407 -8.870643227950856, 14.239840416917625 -8.871091471401863, 14.23890365514292 -8.871447737762033, 14.237935937083405 -8.871708448519819, 14.236946982967082 -8.871870984970338, 14.235946726327178 -8.871933714518907, 14.233274004095126 -8.871967123546808, 14.233219297171459 -8.871967657715018, 14.193558230873345 -8.872246415709169, 14.192588233425525 -8.872206106181535, 14.191626715962542 -8.872071926916476, 14.190682740977891 -8.871845142580277, 14.189765205623718 -8.87152789066045, 14.188882757853385 -8.871123161319497, 14.188043714912798 -8.870634769212025, 14.187255984948695 -8.870067317530866, 14.186526992472805 -8.869426154621081, 14.185863608384327 -8.868717323570726, 14.185272085210356 -8.867947505253559, 14.18503031587396 -8.867560199024698, 14.184815418389542 -8.86791875774852, 14.184235337813227 -8.868702044671458, 14.183581756784253 -8.8694251378309, 14.182860884530749 -8.870081167611316, 14.182079569568927 -8.87066390152066, 14.18124523464 -8.871167803401027, 14.180365806191766 -8.871588086023918, 14.179449639074832 -8.871920756570427, 14.178505437168875 -8.872162654564319, 14.177542170692995 -8.872311481897535, 14.176568990985794 -8.872365824662966, 11.77430353505547 -8.88925015890843, 11.541240323877538 -8.890976553065302, 11.54073964157291 -8.891005430043663, 11.377763140282447 -8.908645239461137, 10.831014766646108 -8.967732432120782, 10.82994032099112 -8.967790321352213, 3.1559549165633762 -8.967790321352213, 3.154976480145189 -8.967742339347351, 3.154007433195197 -8.967598853787326, 3.1530570750764926 -8.967361241617104, 3.15213452580665 -8.967031783058346, 3.15124863853838 -8.966613639727486, 3.1504079146011246 -8.966110824295592, 3.149620421918893 -8.965528161981162, 3.1488937175872262 -8.9648712442454, 3.1482347753522792 -8.964146375134296, 3.147649918687957 -8.9633605107825, 3.1471447601133207 -8.962521192659441, 3.1467241473326073 -8.961636475198368, 3.053368807041913 -8.737583658500704, 3.0532654655460414 -8.737366636880488, 3.0530252405122003 -8.737358287289263, 2.8725683752121256 -8.740043091504115, 2.54592618460714 -8.74522788408598, 2.276509040108715 -8.749260502975464, 2.008244223935654 -8.753485143796423, 1.8117820748967355 -8.756456215993609, 1.8107988550244667 -8.756422687295297, 1.809823687708261 -8.756292709619371, 1.8088660110610164 -8.75606754094891, 1.8079350939129792 -8.75574936056874, 1.8070399461037914 -8.75534124797332, 1.8061892312811594 -8.754847153062002, 1.8053911830501346 -8.75427185791011, 1.8046535252845357 -8.753620930485823, 1.803983397371784 -8.752900670760873, 1.8033872851146668 -8.752118049736525, 1.8028709579587847 -8.751280641975077, 1.8024394131532337 -8.750396552289788, 1.7475666197004036 -8.622360034233182, 1.7474633726955877 -8.622148177441463, 1.747227974590678 -8.622136732948915, 1.651698978041746 -8.622136732948915, 1.651463579936836 -8.622148177441463, 1.6513603329320201 -8.622360034233182, 1.596444590802246 -8.750496765869324, 1.5960191170676474 -8.751369812990973, 1.5955109592079717 -8.75219746917871, 1.594924910367224 -8.752971927655139, 1.5942664983876575 -8.75368588342451, 1.593541933668999 -8.754332602176309, 1.5927580505895271 -8.754905983805914, 1.5919222430415372 -8.755400619953173, 1.5910423946892522 -8.755811845016169, 1.5901268046070165 -8.756135780159005, 1.589184108999172 -8.756369369898513, 1.5882231997399971 -8.75651041092476, 1.5872531405020653 -8.756557572883532, 0.8874790837654916 -8.756557572883532, 0.886498912362196 -8.756509420150254, 0.8855281805453304 -8.756365425687564, 0.8845762369929471 -8.756126976240854, 0.883652249441841 -8.755796368208644, 0.882765116397232 -8.755376785527018, 0.8819233814352959 -8.754872269006558, 0.8811351509238554 -8.75428767741716, 0.880408015953626 -8.753628640695398, 0.8288513741793022 -8.702071998921074, 0.8281556113551268 -8.701299847037449, 0.8275437539470734 -8.70045964768545, 0.8270224118778808 -8.699560477575973, 0.8265972172290645 -8.69861205048362, 0.8262727633972897 -8.697624612308374, 0.8260525554717031 -8.69660883038867, 0.8259389723682995 -8.695575678261676, 0.825933241130387 -8.694536317115682, 0.8641226842133225 -7.8734632908325715, 0.864122177562674 -7.873221799102976, 0.864075052209005 -7.872984949544819, 0.8069139780890785 -7.644340653065114, 0.8067118142090307 -7.643300550317257, 0.8066208363328689 -7.642244895550516, 0.8066420658546163 -7.641185540431635, 0.8641206440723089 -6.855644971456499, 0.8641339710082433 -6.855280214954333, 0.8641339710082433 -4.363217944931981, 0.8641821237415214 -4.362237773528685, 0.864326118204211 -4.361267041711819, 0.8645645676509212 -4.360315098159436, 0.8648951756831306 -4.359391110608329, 0.8653147583647597 -4.35850397756372, 0.8658192748852178 -4.357662242601784, 0.8664038664746159 -4.356874012090344, 0.8670629031963778 -4.356146877120115, 0.9188139702206582 -4.304395810095834, 0.9195411051908873 -4.303736773374072, 0.9203293357023278 -4.303152181784674, 0.9211710706642638 -4.3026476652642165, 0.9220582037088729 -4.3022280825825865, 0.9229821912599792 -4.301897474550379, 0.9239341348123624 -4.3016590251036675, 0.9249048666292282 -4.301515030640978, 0.9258850380325238 -4.3014668779077, 1.571023625596541 -4.3014668779077, 1.5720144802858185 -4.301516088643289, 1.5729955828374718 -4.301663236510752, 1.5739572770958503 -4.301906873259134, 1.5748900979245808 -4.302244600979711, 1.5757848643638326 -4.302673095706574, 1.5766327699906748 -4.303188140131581, 1.5774254695931857 -4.303784665111727, 1.6896724372455516 -4.3973238048220304, 1.6898612723503736 -4.397465992344295, 1.690036458895001 -4.397307292429736, 1.7394056687539248 -4.347938082570809, 1.7829479412289015 -4.304395810095834, 1.7836750761991305 -4.303736773374072, 1.7844633067105709 -4.303152181784674, 1.785305041672507 -4.3026476652642165, 1.786192174717116 -4.3022280825825865, 1.7871161622682223 -4.301897474550379, 1.7880681058206058 -4.3016590251036675, 1.7890388376374713 -4.301515030640978, 1.790019009040767 -4.3014668779077, 2.016075801620079 -4.3014668779077, 2.016304150584721 -4.301456057352104, 2.0163700308244445 -4.301237150686859, 2.054658349733555 -4.148083875050418, 2.0547037845471365 -4.147854252022937, 2.054470433159931 -4.147835883895836, 2.008238446794323 -4.146498610819152, 1.7394024978118705 -4.139201633047761, 1.5458375249419327 -4.133824829157915, 1.0964896062540206 -4.121534971582928, 0.6531508788503345 -4.10944391538101, 0.6529130954285723 -4.109449307682325, 0.6529012225395617 -4.109686855713448, 0.6529012225395617 -5.904924946998534, 0.6528555871513602 -5.9058792138246226, 0.6527190975044871 -5.906824770983299, 0.6524929993505465 -5.907752988300964, 0.6521793563049437 -5.908655393866091, 0.6517810310121073 -5.909523751353027, 0.651301659017911 -5.910350135195565, 0.6507456155877646 -5.911127002924218, 0.6501179757732264 -5.911847264006905, 0.6494244680916135 -5.912504344564808, 0.6486714222413804 -5.913092247372656, 0.6478657113304689 -5.913605606595877, 0.6470146891449184 -5.914039736764985, 0.6461261230302902 -5.914390675540219, 0.6452081229985006 -5.914655219876132, 0.6442690677071141 -5.91483095525603, 0.6433175279866834 -5.914916277729457, 0.1922717691915124 -5.9337098510125905, 0.1920369703713945 -5.933731057824808, 0.1919214526993782 -5.933936571528179, 0.1537356426979371 -6.01030819153106, 0.1536362784782866 -6.010534546433722, 0.1536329037790968 -6.010781727342199, 0.1920206931902776 -7.06644593614967, 0.192040697950516 -7.066677165185187, 0.1922532117578775 -7.0665838649227215, 0.3070225266440347 -7.009199207479644, 0.3072353404488966 -7.00907905581689, 0.3072476341362643 -7.0088349759060975, 0.3072476341362643 -6.149094818349017, 0.3072957868695423 -6.1481146469457215, 0.307439781332232 -6.147143915128855, 0.3076782307789422 -6.146191971576473, 0.3080088388111514 -6.145267984025367, 0.3084284214927808 -6.144380850980757, 0.3089329380132387 -6.143539116018822, 0.3095175296026368 -6.142750885507382, 0.3101765663243987 -6.142023750537152, 0.3619276333486794 -6.090272683512871, 0.3626547683189085 -6.089613646791108, 0.3634429988303488 -6.08902905520171, 0.3642847337922849 -6.088524538681252, 0.365171866836894 -6.088104955999622, 0.3660958543880002 -6.0877743479674145, 0.3670477979403837 -6.087535898520703, 0.3680185297572494 -6.087391904058014, 0.3689987011605451 -6.0873437513247355, 0.5719471783817645 -6.0873437513247355, 0.5729273497850601 -6.087391904058014, 0.5738980816019258 -6.087535898520703, 0.5748500251543093 -6.0877743479674145, 0.5757740127054154 -6.088104955999622, 0.5766611457500245 -6.088524538681252, 0.5775028807119605 -6.08902905520171, 0.5782911112234012 -6.089613646791108, 0.57901824619363 -6.090272683512871, 0.6499722903514272 -6.161226727670668, 0.6506313270731892 -6.161953862640897, 0.6512159186625871 -6.162742093152338, 0.6517204351830452 -6.163583828114273, 0.6521400178646745 -6.164470961158883, 0.6524706258968838 -6.165394948709989, 0.6527090753435939 -6.166346892262371, 0.6528530698062837 -6.167317624079239, 0.6529012225395617 -6.168297795482534, 0.6529012225395617 -8.735954046303611, 0.6528582252209847 -8.736880381881107, 0.6527296030191349 -8.737798751469416, 0.6525164620159698 -8.738701257582585, 0.6151216419708683 -8.869583127740443, 0.6148370040203588 -8.870433120259547, 0.6144773941225163 -8.871254209028665, 0.61404570176461 -8.872039796549904, 0.6135453956208333 -8.872783570580038, 0.6129804956812968 -8.873479554849768, 0.1537566353789654 -9.39010639768989, 0.1536301990676316 -9.390260636622484, 0.1535164859766009 -9.390424481433412, 0.0193297769640772 -9.601289309881665, 0.0192139881171062 -9.601491773164245, 0.0192029771335165 -9.601724747832648, 0.0192029771335165 -9.716458401644795, 0.0192148880079808 -9.716698365504747, 0.0194332652708963 -9.716798544814312, 0.1149910543267861 -9.755021660436668, 0.1152142582866795 -9.755098527581133, 0.1153717109511827 -9.754922637774621, 0.6883055710640644 -9.048304210302065, 0.6889649169736421 -9.04756850198652, 0.6896936392950619 -9.046901443119326, 0.6904846256711109 -9.046309544220067, 0.6913301560450645 -9.045798582244222, 0.6922219780087316 -9.045373544199855, 0.6931513873462674 -9.045038578474236, 0.6941093129876473 -9.044796954345422, 0.6950864055426504 -9.04465103007398, 0.6960731285512596 -9.044602229886278, 2.665071685935064 -9.044602229886278, 2.66605185733836 -9.044650382619556, 2.6670225891552253 -9.044794377082246, 2.6679745327076088 -9.045032826528956, 2.6688985202587148 -9.045363434561166, 2.6697856533033235 -9.045783017242796, 2.6706273882652596 -9.046287533763252, 2.6714156187766998 -9.046872125352651, 2.6721427537469293 -9.047531162074412, 2.7240309075031996 -9.099419315830685, 2.72466345397951 -9.10011430907437, 2.7252279674766173 -9.100865611387052, 2.725719462602786 -9.10166658778771, 2.7261335988138957 -9.102510164608223, 2.7264667187461202 -9.103388891963105, 2.726715880515224 -9.104295009541719, 2.726878883697248 -9.105220515141978, 2.7269542887611253 -9.106157235340223, 2.7460176462839176 -9.678057961023995, 2.7460366022758502 -9.678289062659728, 2.7462683510511874 -9.678296793635504, 2.872576340062648 -9.676380130407681, 3.298688812752117 -9.669659113880856, 4.091962626547833 -9.657369226676908, 4.900023683672666 -9.64488729494849, 5.218977368851515 -9.639959905872642, 5.2199774087453585 -9.639994526545422, 5.220968982106689 -9.640128916460831, 5.221942160525813 -9.640361730001704, 5.22288719977762 -9.640690636056386, 5.223794637388395 -9.641112341359666, 5.224655387381531 -9.641622623467505, 5.225460831253432 -9.642216373035485, 5.2262029042687494 -9.642887644977549, 5.299836562908784 -9.716521303617585, 5.300027548418955 -9.716693271309689, 5.300283135688968 -9.716720169258075, 5.555807213204152 -9.730148612471684, 5.896854723618262 -9.748199546446317, 6.029511762484001 -9.755100779682104, 6.029732879023962 -9.755102475773183, 6.029941007281689 -9.755026502265345, 6.250582703151188 -9.663124391956394, 6.258273084849322 -9.659894431643174, 6.259227069510226 -9.659549562919734, 6.260211084509412 -9.659303116878935, 6.261215004124225 -9.65915762950271, 6.262228497809304 -9.659114597886958, 6.722387014485088 -9.66293810044155, 7.6291515051092835 -9.670619290432164, 7.882822507116152 -9.672731615233873, 8.542600281055078 -9.678277573333649, 8.543661789367006 -9.678343052526145, 8.544710340356396 -9.678520895838052, 8.545734073994906 -9.678809091706041, 8.546721410960126 -9.679204380382897, 8.547661183607842 -9.679702290808121, 8.641134729946726 -9.735786418611452, 8.641343163954085 -9.735898297134206, 8.641578290421506 -9.735924317964066, 8.948431588440299 -9.755102649090242, 8.948743403911116 -9.755112383826393, 8.948755948272352 -9.755112383826393, 8.948970604369803 -9.755103129763668, 8.949183667616001 -9.75507543624508, 9.389404786847722 -9.678448609572891, 9.390259023297588 -9.67833757769187, 9.391119645980783 -9.678300475292325, 11.905604080262723 -9.678300475292325, 11.905835885962475 -9.67828926128023, 11.905874911987965 -9.678060489328622, 11.98160005021431 -9.053328098961277, 11.981761409533085 -9.052380676969987, 11.982012971849322 -9.051453120146718, 11.982352413619608 -9.050553995826101, 11.982776599606124 -9.049691608727299, 11.983281611835112 -9.04887392424786, 11.983862785785066 -9.048108494891725, 11.984514753470345 -9.047402390510848, 11.985231493022333 -9.046762133004874, 11.986006384310132 -9.0461936360819, 11.986832270087104 -9.045702150636808, 11.987701522098417 -9.04529221625161, 11.988606111539077 -9.044967619265822, 11.989537683211603 -9.044731357804114, 11.990487632698402 -9.044585614084282, 11.991447185836073 -9.044531734261275, 14.233248292059702 -9.026551418760024, 14.38278737312097 -9.025401118136477), (10.51932977555029 -3.9902460509038225, 10.519252485233476 -3.9904731722257702, 10.480984926323758 -4.124409628409778, 10.4809291478535 -4.124650806480184, 10.4811055367117 -4.124824487423576, 10.653569697948427 -4.278125964078444, 10.653746354575496 -4.27826900797272, 10.653968151015539 -4.278318761955009, 10.977087977674099 -4.335339907835931, 10.978079640863974 -4.335567465906382, 10.979043048684016 -4.335894611026878, 10.979968228143049 -4.336317956661276, 10.980845601981695 -4.336833120426346, 10.981666087814105 -4.337434769457256, 10.982421192146873 -4.338116675612246, 11.033603545880936 -4.389299029346306, 11.034257693826817 -4.390020212002024, 11.034838605649027 -4.390801592455339, 11.03534077422241 -4.3916357631104885, 11.035759438918795 -4.392514815913229, 11.036090630738428 -4.393430417320292, 11.036331209936627 -4.394373887302538, 11.036478895789013 -4.395336281632849, 11.036532288213094 -4.396308476678638, 11.036490881041232 -4.397281255895175, 11.036355066819203 -4.398245397199704, 11.036126133084784 -4.399191760398087, 10.941856493555058 -4.719708534799146, 10.941800500666531 -4.71994107053702, 10.9420088467636 -4.72005854383949, 11.056780204776679 -4.7774442228460305, 11.056998469801755 -4.777540019120785, 11.057109062693618 -4.77732886571755, 11.172108725622747 -4.528162929371098, 11.172207552125705 -4.527914314637384, 11.172222005712108 -4.52764716850255, 11.172222005712108 -4.259321295529337, 11.172210186261495 -4.259080705084995, 11.172048420740486 -4.258902224336626, 11.093278187856392 -4.180131991452532, 11.09261915113463 -4.179404856482303, 11.092034559545233 -4.178616625970863, 11.091530043024775 -4.177774891008926, 11.091110460343145 -4.176887757964317, 11.090779852310938 -4.175963770413211, 11.090541402864226 -4.175011826860827, 11.090397408401536 -4.174041095043962, 11.090349255668258 -4.173060923640667, 11.090397408401536 -4.17208075223737, 11.090541402864226 -4.171110020420505, 11.090779852310938 -4.1701580768681215, 11.091110460343145 -4.1692340893170154, 11.091530043024775 -4.168346956272407, 11.092034559545233 -4.167505221310471, 11.092619151134633 -4.16671699079903, 11.093278187856392 -4.1659898558288, 11.094005322826623 -4.165330819107039, 11.094793553338064 -4.164746227517641, 11.0956352883 -4.164241710997183, 11.09652242134461 -4.163822128315553, 11.097446408895713 -4.163491520283345, 11.098398352448099 -4.163253070836634, 11.099369084264964 -4.163109076373945, 11.10034925566826 -4.163060923640667, 11.997704536232234 -4.163060923640667, 11.997938527213535 -4.163049428400881, 11.99795002245332 -4.16281543741958, 11.99795002245332 -3.990479615660105, 11.997938527213535 -3.9902456246788036, 11.997704536232234 -3.990234129439018, 10.519569391423385 -3.990234129439018, 10.51932977555029 -3.9902460509038225), (-1.047140184832952 -3.0598025514569382, -1.38236519501952 -3.0916556434380316, -1.382602098339258 -3.091690184297224, -1.3826080194182087 -3.0919295191978975, -1.3442146942107351 -4.608465864893093, -1.34419711460818 -4.608699675499034, -1.3439670988872088 -4.608654186929228, -1.1908172883803647 -4.5703667343025165, -1.1905943194174284 -4.57029948223657, -1.1905428967445162 -4.570072339753721, -1.1344336767588115 -4.25212009316806, -1.134211733293357 -4.251148296928023, -1.1338941424555802 -4.2502034250352425, -1.1334840599767857 -4.2492948661793655, -1.1329855606285408 -4.248431648226699, -1.1324035977338374 -4.2476223485151, -1.1317439539485528 -4.24687500862553, -1.131013183802276 -4.246197054477142, -1.1302185485694292 -4.245595222539865, -1.1293679441178452 -4.245075492897693, -1.1284698224517273 -4.24464302982776, -1.1275331077285764 -4.244302130485668, -1.126567107584583 -4.244056182206936, -1.1255814206495938 -4.243907628848851, -1.124585841170632 -4.24385794650715, -0.7491513888548531 -4.24385794650715, -0.7489192777373925 -4.243847018206761, -0.7487173386278593 -4.243732059106937, -0.1730393589679546 -3.87913600532233, -0.1728391220870653 -3.8789945962931984, -0.1728267942016486 -3.8787497711612575, -0.1728267942016486 -3.5912051577068898, -0.1728386536072231 -3.5909666215470466, -0.1730712206823986 -3.5909122827892705, -0.3838202716707414 -3.5525942735186633, -0.3840483591859827 -3.5525641698937225, -0.3840595426703304 -3.552793963436978, -0.3840595426703304 -3.719671261775676, -0.3841039540477622 -3.720612673045095, -0.3842367937059681 -3.721545722440273, -0.3844568817265088 -3.722462122359439, -0.3847622632269543 -3.7233537330860567, -0.3851502257246893 -3.724212635088025, -0.3856173232299307 -3.725031199361147, -0.3861594068539578 -3.7258021551920444, -0.3867716616606854 -3.7265186547386406, -0.3874486494342524 -3.727174333854577, -0.3881843569827529 -3.727763368617315, -0.388972249549064 -3.7282805270578194, -0.7940983448157053 -3.9676732197153806, -0.794951442831448 -3.9681232917052656, -0.7958439333011471 -3.9684890809643196, -0.7967675130198586 -3.9687671844050167, -0.7977135895466021 -3.9689550147169683, -0.7986733611433633 -3.9690508244377343, -0.7996378986612742 -3.9690537222101803, -0.8005982286121471 -3.96896368107514, -0.8015454166525166 -3.968781538722229, -0.8024706507035013 -3.9685089896964714, -0.8033653229331889 -3.9681485696332555, -0.8042211098388272 -3.9677036316682748, -0.8050300496837846 -3.967178315241934, -0.8057846165688519 -3.966577507588435, -0.8064777904487702 -3.965906798267833, -0.8071031224425905 -3.9651724271640663, -0.8076547948302599 -3.964381226432756, -0.8081276751772569 -3.9635405569388604, -0.8085173640837354 -3.962658239775528, -0.8088202361139456 -3.9617424835012613, -0.8090334735251512 -3.9608018077723273, -0.8640915827404921 -3.648805855552061, -0.8641434237269539 -3.648577721703356, -0.8643773344951843 -3.6485819987712484, -1.0471316735606984 -3.660855112832311, -1.047145013213614 -3.6608559997179144, -1.1410246565957758 -3.6670345502878563, -1.1420134980516534 -3.667050620353535, -1.14299909108844 -3.666968937811276, -1.1439717959589792 -3.6667903015699874, -1.1449220989708435 -3.666516458809421, -1.1458407055364948 -3.666150087891614, -1.1467186310804551 -3.6656947721647444, -1.147547288914354 -3.665154964915635, -1.1483185742203814 -3.6645359458136855, -1.1490249433217266 -3.663843769272232, -1.1496594874646924 -3.6630852052324174, -1.1502160003908437 -3.6622676729487127, -1.1506890390382905 -3.661399168423742, -1.151073976778407 -3.6604881862021226, -1.1513670486672993 -3.659543636288241, -1.1515653882694286 -3.658574757000559, -1.151667055693232 -3.6575910246147902, -1.1516710565645385 -3.6566020606797043, -1.133409556486148 -3.2548490589551053, -1.1333209689286947 -3.25390018814166, -1.1331424592465589 -3.2529640589468762, -1.132875648671057 -3.252049173329576, -1.1325229603853764 -3.251163840313651, -1.13208759751714 -3.2503161005252106, -1.1315735140474854 -3.24951365316733, -1.130985378900867 -3.248763786095606, -1.1303285335417181 -3.248073309629601, -1.1296089434630787 -3.247448494701268, -1.1288331440077752 -3.246895015902132, -1.128008181014203 -3.246417899946436, -1.1271415468257697 -3.2460214800183524, -1.126241112245165 -3.2457093564178443, -1.1253150550514488 -3.2454843638626123, -1.1243717857291704 -3.245348545743089, -1.1234198710840446 -3.2453031355642916, 0.3646109339477039 -3.2453031355642916, 0.3648426704643262 -3.245291744329638, 0.3648083932188901 -3.2450622739746735, 0.3264972282099164 -3.0535064489298045, 0.3264416008690347 -3.053283890460561, 0.3262131255016594 -3.0532632584517594, -0.575745406521323 -3.0148820443231226, -0.5764319771489294 -3.0149000977629754, -1.047140184832952 -3.0598025514569382), (15.170381775146726 -3.4567746013824023, 15.170341456091775 -3.4565431369425776, 15.17013902922521 -3.456423869273827, 14.970785235333727 -3.351539362583338, 15.049629398146323 -3.6140644470271206, 15.093352977363399 -3.648418687840537, 15.093541836825693 -3.648553061263784, 15.093760893184825 -3.6484773088718017, 15.1893201285133 -3.610253614740411, 15.189541512881673 -3.6101517964640824, 15.189523547921858 -3.6099087835834407, 15.170381775146726 -3.4567746013824023), (-3.494931987137653 0.5184692233834007, -3.4949717455883746 0.5182411242980028, -3.5141138887851078 0.3651039787241326, -3.51413147573428 0.3648683415861063, -3.5138954768227095 0.3648565655368138, -2.7117619114495604 0.3648565655368138, -2.7107817400462646 0.3648084128035358, -2.7098110082293987 0.3646644183408461, -2.708859064677015 0.3644259688941359, -2.7079350771259096 0.3640953608619267, -2.7070479440813 0.3636757781802974, -2.706206209119364 0.3631712616598393, -2.7054179786079233 0.3625866700704413, -2.7046908436376946 0.3619276333486793, -2.5378521667667204 0.195088956477705, -2.5371684161198353 0.1943315873181212, -2.536565402670835 0.1935084847902856, -2.5360494045313757 0.1926282184038552, -2.5356257938767204 0.1916999528145612, -2.5352989810147877 0.1907333524088712, -2.53507236846942 0.1897384806858403, -2.534948315555928 0.1887256954837076, -2.534928113817715 0.1877055411420623, -2.5728961967513317 -1.0272731127336692, -2.572972440544733 -1.028231937780477, -2.573140449680075 -1.0291790024650993, -2.573398669806416 -1.0301055449372882, -2.5737447119780867 -1.0310029932098053, -2.574175374756221 -1.0318630444628984, -2.5746866738271494 -1.0326777418585522, -2.575273878863616 -1.0334395481538576, -2.575931557287804 -1.0341414154324615, -2.576653624531303 -1.0347768503089705, -2.577433400327008 -1.0353399740030638, -2.5782636705121926 -1.035825576727533, -2.579136753770946 -1.0362291658870773, -2.580044572698535 -1.0365470076419327, -2.5809787285302 -1.0367761614518134, -2.5819305788430564 -1.036914507280571, -2.582891317512202 -1.0369607652098922, -9.611559397512515 -1.0369607652098922, -9.612544554590599 -1.036912120169469, -9.613520127067503 -1.0367666583161925, -9.614476623590718 -1.0365257948496078, -9.615404738397835 -1.0361918731323296, -9.616295441852387 -1.0357681418914446, -9.617140068293269 -1.0352587236116209, -9.617930400343008 -1.0346685744274213, -9.618658748854703 -1.0340034359050303, -9.619318027719792 -1.0332697791825094, -9.619901822808872 -1.0324747420120433, -9.6204044543748 -1.031626059316691, -9.620821032311003 -1.0307319879372565, -9.621147503727379 -1.0298012263014191, -9.621380692380871 -1.0288428297966583, -9.621518329577192 -1.0278661226703172, -9.69748111368473 -0.1922754974874059, -9.69751409850668 -0.1920414291430842, -9.697750191886117 -0.1920297713351652, -9.789376202469695 -0.1920297713351652, -9.790356373872989 -0.1919816186018871, -9.791327105689854 -0.1918376241391975, -9.79227904924224 -0.1915991746924872, -9.793203036793344 -0.1912685666602779, -9.794090169837956 -0.1908489839786486, -9.79493190479989 -0.1903444674581904, -9.79572013531133 -0.1897598758687922, -9.796447270281561 -0.1891008391470306, -9.870156661655876 -0.1153914477727111, -9.870335142404233 -0.1152296822517144, -9.870575732848579 -0.1152178628010991, -10.75342170854816 -0.1152178628010991, -10.753662298992507 -0.1152296822517144, -10.753840779740862 -0.1153914477727118, -10.811105150146375 -0.172655818178224, -10.811263348902935 -0.1728301051240635, -10.811209699532057 -0.1730592874337511, -10.77293846984184 -0.3070085913495169, -10.772861179525023 -0.3072357126714598, -10.772621563651931 -0.3072476341362643, -9.932081313651773 -0.3072476341362643, -9.93110114224848 -0.3072957868695423, -9.930130410431614 -0.307439781332232, -9.929178466879229 -0.3076782307789422, -9.928254479328125 -0.3080088388111515, -9.927367346283512 -0.3084284214927808, -9.926525611321578 -0.3089329380132391, -9.925737380810137 -0.3095175296026371, -9.925010245839907 -0.3101765663243987, -9.873301105209485 -0.3618857069548196, -9.872634064907386 -0.3626226068800102, -9.872043474348189 -0.3634220861203661, -9.871535168355571 -0.3642762461066917, -9.871114168811093 -0.3651766480435616, -9.870784635039806 -0.366114396281604, -9.870549822717608 -0.3670802262033371, -9.870412051706333 -0.3680645957542796, -9.870372683134342 -0.369057779715039, -9.908633858823022 -4.156914172894284, -9.908692800889737 -4.157901978780025, -9.908849084243629 -4.158879122652967, -9.909101178503972 -4.15983603598187, -9.90944661507645 -4.160763348339993, -9.909882011326506 -4.161651979163546, -9.91040310370326 -4.162493226671728, -9.911004789489674 -4.16327885307757, -9.911681176770138 -4.164001165255207, -9.912425642126127 -4.1646530900736165, -9.913230895495037 -4.165228243659185, -9.914089051556973 -4.165720993908798, -9.914991706950557 -4.166126515641344, -9.915930022561538 -4.166440837847566, -9.91689481007846 -4.166660882575556, -9.917876621967814 -4.1667844950711235, -9.918865843987518 -4.166810464877899, -10.734211883533053 -4.147848929074514, -10.734461929017735 -4.147855736525447, -10.734698567314682 -4.1479368007111495, -10.830248815165957 -4.186156899851656, -10.830467192428854 -4.186257079161212, -10.830479103303318 -4.186497043021163, -10.830479103303318 -4.301227179484056, -10.830468113613122 -4.301456287708141, -10.83023956911294 -4.30147574954438, -9.793746324108298 -4.339864388248256, -9.793520572536668 -4.339862532920242, -9.793309948144326 -4.339779974477207, -9.75646218043346 -4.323360761922105, -9.756451000975858 -4.323355788597389, -9.620911085345712 -4.263158428614552, -9.62070274176154 -4.263053644355826, -9.620691543891775 -4.262820703595853, -9.620691543891775 -1.257706005875824, -9.620640189062655 -1.256693850124984, -9.620486652038984 -1.2556920901912694, -9.62023250979429 -1.2547110151167242, -9.619880372614876 -1.2537607014899095, -9.619433857289685 -1.2528509099496095, -9.618897549962357 -1.2519909849336415, -9.618276959027126 -1.2511897587024556, -9.617578458552273 -1.250455460623291, -9.616809222812307 -1.2497956326466222, -9.615977152601227 -1.2492170518430485, -9.615090794083729 -1.2487256607962296, -9.61415925101786 -1.248326506566814, -9.613192091250605 -1.2480236888542509, -9.612199248446888 -1.2478203178889165, -9.611190920061214 -1.2477184824870458, -8.858706919261383 -1.210094282447054, -8.85770587534166 -1.2100943972896518, -8.856709858578988 -1.2101945948489237, -8.855728849947214 -1.210393871056208, -8.854772680025357 -1.2106902289866661, -8.85385093048648 -1.2110806988702476, -8.852972838080786 -1.2115613678514248, -8.852147202075175 -1.2121274191994886, -8.851382296076764 -1.2127731805764714, -8.850685785123986 -1.21349218087902, -8.850064648876078 -1.214277215084607, -8.849525111670701 -1.2151204164522644, -8.775879155471115 -1.3440008398015413, -8.775754092614234 -1.3441972720808484, -8.775521493081788 -1.3442083993461562, -8.69919724973382 -1.3442083993461562, -8.698957633860728 -1.3441964778813515, -8.698880343543912 -1.343969356559411, -8.662614912564814 -1.2170403481325671, -8.662294743140842 -1.2160995148456106, -8.661882768565517 -1.2151951074798875, -8.661383057811745 -1.2143360586474836, -8.66080054640138 -1.2135308529652589, -8.660140987658272 -1.212787443254345, -8.659410895884077 -1.2121131719920601, -8.658617482018082 -1.2115146987920422, -8.657768582416514 -1.2109979346288615, -8.65687258145474 -1.2105679834567598, -8.655938328716836 -1.2102290917991305, -8.654975051590387 -1.209984606806641, -8.653992264129824 -1.2098369431982352, -8.652999673088406 -1.2097875594115406, -7.921560134561893 -1.2097875594115406, -7.920584109785157 -1.2098353046099797, -7.91961740510775 -1.209978084284501, -7.918669251631005 -1.210214535026327, -7.917748703310098 -1.2105423989579387, -7.916864550497483 -1.2109585452936416, -7.916025236003455 -1.2114590002355605, -7.91523877447543 -1.212038984919592, -7.91451267586575 -1.2126929610489712, -7.913853873718859 -1.213414683779683, -7.9132686589626005 -1.2141972613527288, -7.912762619835911 -1.2150332209038046, -7.912340588526494 -1.2159145798219795, -7.912006595028071 -1.216832921975965, -7.911763828657815 -1.217779478080086, -7.911614607601431 -1.218745209432537, -7.911560356776707 -1.219720894226306, -7.89242518430516 -4.089996764958457, -7.892412413858953 -4.090232449271929, -7.892355394178016 -4.090461488429926, -7.7196659152241285 -4.666093084942884, -7.719586277793645 -4.666318541002795, -7.719465006626372 -4.666524613464028, -7.354896682883973 -5.22297100233401, -7.354728262715148 -5.22319859269582, -7.354512702507967 -5.223382158823206, -6.72127712891367 -5.703106078212823, -6.721033185430504 -5.703269182966719, -6.720771741811665 -5.703402445181519, -6.4140406562283365 -5.837597295124226, -6.413790020274203 -5.83769125103246, -6.413530749818988 -5.837757771144127, -5.741932164875298 -5.972077488132865, -5.741688961853048 -5.9721137589105115, -5.741443368384427 -5.972125888523637, -5.223469411687856 -5.972125888523637, -5.223213314224228 -5.9721125813663525, -5.22298435715883 -5.9719970752906875, -5.091094685394698 -5.896631548568326, -5.090168095037391 -5.896164094918287, -5.089198046561615 -5.895795193088746, -5.088194988190769 -5.895528816457139, -5.0871697236920825 -5.89536783411983, -5.0861332960111305 -5.89531397998957, -4.820198482498117 -5.89531397998957, -4.819949807058973 -5.89530147755146, -4.819716053152026 -5.8952157168613075, -4.052027519759142 -5.568948090169332, -4.051833320040152 -5.568855431828497, -4.051669451376949 -5.568715982338685, -3.514340811603067 -5.069767959691511, -3.5141561575787224 -5.069577124552318, -3.51401622543628 -5.0693514385878125, -3.278715741588321 -4.6402063479212385, -3.1878016549621226 -4.474489531792473, -3.187703673789792 -4.474290501493542, -3.187642460589187 -4.474076349096218, -3.091727769545072 -4.071234646710933, -3.0916880545164904 -4.07103057119302, -3.0916829245615958 -4.070822000510205, -3.110729181453843 -2.9661391007598605, -3.1106990079730092 -2.9651716105910713, -3.1105754363583262 -2.9642115701118756, -3.110359624411153 -2.9632679743991335, -3.11005359417649 -2.9623496644508474, -3.1096602129974773 -2.9614652443506415, -3.109183166649889 -2.9606230006519993, -3.1086269248083434 -2.959830824737595, -3.1079966991677894 -2.9590961388811654, -3.107298394612655 -2.958425826704693, -3.1065385538911685 -2.957826168682467, -3.105724296313232 -2.9573027832963295, -3.1048632510462153 -2.9568605743934366, -3.1039634856336473 -2.9565036852397832, -3.1030334304065583 -2.956235459699963, -3.1020817994956857 -2.956058410906909, -2.688663863943922 -2.8996832378771225, -2.6884293367824057 -2.8996392543755536, -2.6884318832424214 -2.8994006520841946, -2.726807522487542 -2.2662026045397137, -2.726834151916524 -2.265963412473552, -2.7270745168505255 -2.265951301754949, -3.677484084587571 -2.265951301754949, -3.6784944995316176 -2.265900123878238, -3.6794945722973766 -2.2657471140831187, -3.680474066564708 -2.2654938385128762, -3.681422956646241 -2.265142889588693, -3.682331530106054 -2.264697859474723, -3.6831904871720456 -2.264163303310228, -3.6839910359244517 -2.2635446925851035, -3.6847249822862 -2.2628483591360347, -3.6853848138940104 -2.2620814303365027, -3.6859637769917457 -2.261251756144017, -3.686455945559 -2.2603678287512836, -3.6868562819673216 -2.259438695663729, -3.6871606885432415 -2.2584738670930737, -3.687366049510316 -2.257483218614844, -3.6874702628808964 -2.256476890086177, -3.705940509485606 -1.9055422045966868, -3.7059461205475617 -1.904611467552394, -3.70586517244561 -1.9036842403232719, -3.705698366435529 -1.902768555505971, -3.705447147562671 -1.9018723457048894, -3.7051136921434913 -1.9010033748117892, -3.704700888912055 -1.900169170746976, -3.704212313994851 -1.8993769602447015, -3.7036521999306986 -1.8986336062477567, -3.703025399004147 -1.8979455484535936, -3.6514945875562725 -1.8464147370057202, -3.650767452586044 -1.845755700283958, -3.6499792220746032 -1.8451711086945601, -3.6491374871126676 -1.844666592174102, -3.6482503540680584 -1.8442470094924728, -3.647326366516952 -1.8439164014602634, -3.6463744229645685 -1.8436779520135531, -3.6454036911477035 -1.8435339575508636, -3.6444235197444073 -1.8434858048175855, -2.7270738673035178 -1.8434858048175855, -2.7268340522779617 -1.8434737530193397, -2.7268065856458295 -1.8432352114580892, -2.688932007778172 -1.2561792545093962, -2.6888236876697187 -1.255221614807757, -2.688623685640423 -1.2542788496024553, -2.6883338593232198 -1.253359715363126, -2.6879569006453603 -1.2524727490733287, -2.687496310825596 -1.2516261889384417, -2.686956367854618 -1.2508278978686294, -2.6863420867607744 -1.2500852904475808, -2.6856591730301353 -1.2494052640653313, -2.6849139696135356 -1.2487941348548217, -2.684113398012801 -1.2482575790272066, -2.6832648939933517 -1.247800580150809, -2.6823763385202892 -1.2474273828633835, -2.681455984559438 -1.2471414534476237, -2.680512380423217 -1.2469454476360848, -2.3238097306427714 -1.19062397661812, -2.3235724727972755 -1.1905741235788119, -2.3235602331554985 -1.1903319938574943, -2.3235602331554985 0.307002681765309, -2.3235720341948487 0.3072434215973912, -2.323715346253601 0.3074372168117225, -2.4962313132734018 0.5182900653914791, -2.4963926310084728 0.5184685575402842, -2.496632928795975 0.5184803826049461, -3.4947007180326346 0.5184803826049461, -3.494931987137653 0.5184692233834007), (-8.794532930507886 1.36465066533086, -8.794771379954597 1.3656026088832434, -8.794915374417286 1.366573340700109, -8.794963527150564 1.3675535121034046, -8.794963527150564 1.7664206015991692, -8.794975831904365 1.7666633398019755, -8.795213876447749 1.766712411560009, -9.044354298117023 1.8050417072014366, -9.044592930938277 1.8050662507013113, -9.044656646612639 1.804834975281927, -9.082953719529128 1.6324981471577407, -9.082994738047692 1.6322569718640996, -9.082830651198824 1.6320755233944162, -9.008739205694212 1.5579840778898046, -9.008077248805945 1.5572533830154818, -9.00749046479936 1.5564610532540168, -9.006984557813063 1.5556147908582434, -9.006564445778581 1.5547228223611702, -9.00623421261308 1.553793818605694, -9.005997068519504 1.5528368104551709, -9.005855318780139 1.5518611010042191, -8.967813646638144 1.1524235435132597, -8.967779779235673 1.1521902218407574, -8.967544297629345 1.152178628010991, -3.5374899281907695 1.152178628010991, -3.5365097567874737 1.1521304752777128, -3.5355390249706087 1.1519864808150233, -3.534587081418225 1.151748031368313, -3.5336630938671187 1.151417423336104, -3.5327759608225096 1.1509978406544745, -3.531934225860574 1.1504933241340165, -3.5311459953491338 1.1499087325446185, -3.5304188603789046 1.1492496958228564, -3.3030856519364633 0.9219164873804151, -3.302907171188096 0.921754721859408, -3.302666580743752 0.9217429024087928, -3.187939690384831 0.9217429024087928, -3.187699099940487 0.921754721859408, -3.1875206191921195 0.9219164873804151, -3.1110532716531143 0.9983838349194208, -3.1108950728965405 0.9985581218652732, -3.110948722267422 0.9987873041749709, -3.1492185796298338 1.1327318049434114, -3.149299560871444 1.13296899546206, -3.1494675747215983 1.1331549757023642, -3.360345834097421 1.344033235078187, -3.360525946119132 1.3441963327020572, -3.3607687117296603 1.344206629964983, -8.733170663514914 1.3058323303093742, -8.734160044941568 1.3058742963879377, -8.735140424567225 1.3060139121060965, -8.736102188428895 1.3062498083407954, -8.737035905116615 1.3065796718068443, -8.737932418261318 1.30700026774184, -8.738782936325556 1.307507471627436, -8.739579118816549 1.3080963096358866, -8.74031315807612 1.308761007405229, -8.79203459496243 1.360482444291539, -8.792693631684193 1.3612095792617684, -8.79327822327359 1.361997809773209, -8.793782739794048 1.3628395447351451, -8.794202322475677 1.3637266777797539, -8.794532930507886 1.36465066533086), (14.074217071113797 -3.035470515068992, 14.073672517136607 -3.036242534493521, 14.073057538241976 -3.0369597192570783, 13.933863116719397 -3.1845645301085255, 14.22552940095986 -3.0969683902946, 14.253398245415694 -2.9669137828340415, 14.253651436544699 -2.965963165630494, 14.253996806989804 -2.965042026080188, 14.254431014329004 -2.9641592787765547, 14.254949856395658 -2.9633234667609916, 14.255548311946155 -2.962542678845122, 14.256220589254461 -2.9618244713289914, 14.256960182163201 -2.9611757948727906, 14.257759933048886 -2.9606029272298446, 14.258612102091867 -2.9601114124918415, 14.259508442180675 -2.9597060074342925, 14.260440278725813 -2.9593906354814603, 14.261398593610606 -2.9591683487362945, 14.262374112466606 -2.9590412984428243, 14.263357394428994 -2.959010714166876, 14.264338923503235 -2.9590768918965917, 14.26530920065888 -2.9592391911779234, 14.266258835759167 -2.959496041312809, 14.267178638436773 -2.959844956560054, 14.268059707036233 -2.960282560191813, 14.2688935147623 -2.960804617172842, 14.269671992200436 -2.9614060751462734, 14.27038760541091 -2.9620811133292557, 14.27103342884067 -2.9628231988452587, 14.27160321234738 -2.9636251499478647, 14.272091441686962 -2.964479205524193, 14.272493391879303 -2.965377100205303, 14.272805172935591 -2.9663101443566853, 14.273023767504814 -2.967269308174704, 14.273147060075036 -2.9682453090751224, 14.281714712782591 -3.080094254695659, 14.440638804404422 -3.0323645797153658, 14.440638804404422 -1.1755237407682395, 14.4406869571377 -1.1745435693649438, 14.44083095160039 -1.173572837548078, 14.4410694010471 -1.1726208939956948, 14.44140000907931 -1.1716969064445886, 14.44181959176094 -1.1708097733999796, 14.442324108281396 -1.1699680384380438, 14.442908699870793 -1.1691798079266034, 14.443567736592556 -1.168452672956374, 14.4954597772524 -1.1165606322965285, 14.496153854483502 -1.1159288440709987, 14.496904106596867 -1.1153649102707677, 14.497703924624894 -1.114873798586227, 14.498546262974058 -1.1144598352180675, 14.499423701489508 -1.1141266667677974, 14.500328510819182 -1.1138772281148446, 14.501252720501634 -1.1137137165632172, 14.502188189177794 -1.113637572485461, 14.69988184545696 -1.1068595026430081, 14.947793760035518 -1.098218115108094, 15.054829080490414 -1.0945800630711646, 15.055131176062204 -1.0945512801127486, 15.055427519707663 -1.0944859384542118, 15.438643380736796 -0.9851051964532259, 15.457026841245895 -0.9797507904797018, 15.457945009301506 -0.9795298091617151, 15.458879928838307 -0.9793964270754046, 15.45982326163317 -0.9793518338093424, 15.823062262436913 -0.9793518338093424, 15.82325260190705 -0.9793445641674673, 15.823441832395316 -0.9793227975972875, 16.417201938347997 -0.8879455551966473, 16.645335385485215 -0.8528037884210784, 16.684122856282332 -0.8468512557852764, 16.821557529491443 -0.8257664384170719, 16.82179565729226 -0.8257174498465368, 16.821807968960467 -0.8254746471439742, 16.821807968960467 2.572950833258883, 16.821796242454386 2.5731870114833892, 16.82155990106847 2.5731947841273306, 16.68413204382628 2.5708947363073777, 16.684113206786414 2.5708944387917265, 16.64532269787169 2.570318322465433, 16.417199545754716 2.5664778659339302, 15.648889838160096 2.553803924260578, 15.438617493909724 2.5503473925744764, 14.947786386171789 2.5422820908276815, 14.699874744551643 2.5380574189086498, 14.50248447062043 2.534861576378336, 14.501483481481415 2.534895533076587, 14.500490909681753 2.5350294492305583, 14.4995167120299 2.5352619814840347, 14.498570661017304 2.535590797230843, 14.497662246787375 2.536012598013974, 14.496800581936803 2.536523152613471, 14.495994310104132 2.537117339491169, 14.495251519262661 2.5377891981664913, 14.44393382454695 2.5891068928822047, 14.443282855392306 2.589824210219911, 14.442704342496876 2.590601145116211, 14.442203714076095 2.5914304075521013, 14.441785667551493 2.5923042165166557, 14.441454125474516 2.5932143730166404, 14.44121219872107 2.5941523370080795, 14.441062157301978 2.5951093075279106, 14.441005409063388 2.596076305273868, 14.441042486476858 2.5970442568577186, 14.479020192878005 3.0337878804709413, 14.47903719942028 3.034353859014707, 14.402239282999185 5.914275724805677, 14.40222201267958 5.914505826813772, 14.401991532063741 5.914516957123087, 4.581416438395111 5.914516957123087, 4.580432343600131 5.914565497057625, 4.5794578023845345 5.91471064563619, 4.578502275581687 5.914950993758279, 4.5775750394332775 5.915284208127473, 4.576685095535696 5.915707053903036, 4.575841083452651 5.916215426103718, 4.575051196842389 5.9168043894588465, 4.574323103913786 5.917468226319883, 4.573663872983459 5.918200492167273, 4.573079903856646 5.918994078173755, 4.572576865697989 5.919841280216769, 4.572159641995342 5.920733873669974, 4.57183228315095 5.921663193247811, 4.571597967160189 5.922620217127989, 4.571458968759629 5.923595654535204, 4.571416637343922 5.92458003593588, 4.571471383865897 5.9255638049682675, 4.608688618360396 6.279127532666009, 4.608702019056255 6.279369099765866, 4.608539609842798 6.2795484248610665, 4.553963356074834 6.334124678629031, 4.553318008205732 6.33483517028472, 4.552743749534149 6.335604260164427, 4.552245870545953 6.336424862856397, 4.551828958062176 6.337289418375625, 4.5514968529819 6.338189961811896, 4.551252614897122 6.339118196708299, 4.551098493905575 6.340065571494179, 4.551035909881209 6.341023358268388, 4.512703794808416 8.564286032490385, 4.5126889676484625 8.564511762162132, 4.51247511607935 8.564437997429554, 4.4169150288461685 8.52621396253628, 4.416696651583263 8.526113783226721, 4.416684740708798 8.525873819366769, 4.416684740708798 6.344190046261012, 4.416638618947457 6.343230719408495, 4.416500679106806 6.342280241724804, 4.416272193592529 6.341347380750921, 4.415955270035496 6.340440741525083, 4.415552831850239 6.339568687206892, 4.415068591268347 6.338739261932573, 4.41450701509553 6.337960116613037, 4.413873283508228 6.337238438359183, 4.41317324226985 6.336580884185445, 4.412413348807379 6.335993519603159, 4.4116006126458 6.335481762670142, 4.410742530749768 6.33505033401262, 4.409847018368967 6.334703213280506, 4.35931267963239 6.317858433701648, 4.359089142968068 6.317771300561157, 4.35911284743387 6.317532556089464, 4.414989623174598 5.94502071781794, 4.41508842029923 5.944023776816124, 4.415086971026436 5.9430219534122495, 4.414985289901873 5.9420253024292835, 4.41478439745042 5.9410438267770695, 4.41448630993365 5.940087377057907, 4.414094019113584 5.939165552700759, 4.413611462225795 5.93828760561637, 4.413043482463262 5.937462347340258, 4.412395780367556 5.9366980605955355, 4.411674856615224 5.936002416163184, 4.410887946773601 5.935382395894082, 4.410042948680886 5.934844222635505, 4.409148343179304 5.9343932977753795, 4.408213108996948 5.9340341470311335, 4.407246632632573 5.93377037502723, 4.406258614147789 5.933604629117276, 4.4052589698121825 5.933538572813802, 3.2170237912813406 5.914677696964105, 3.2160350642834374 5.91471094336894, 3.215054460547382 5.914841720708914, 3.2140915771085754 5.915068749083986, 3.213155837576278 5.9153898065983235, 3.2122563999060305 5.915801751105699, 3.211402066771988 5.916300550961245, 3.2106011994163404 5.916881324478611, 3.209861635818979 5.917538387706372, 3.209190613988249 5.918265310056078, 3.208594701123548 5.919054977237552, 3.2080797293430368 5.919899660885491, 3.207650738605495 5.9207910941959065, 3.207311927384927 5.9217205528322285, 3.207066611580669 5.922678940309191, 3.2069171920651343 5.923656877018899, 3.206865131186801 5.924644792027775, 3.187694980812264 11.982412310381353, 3.1876827509671593 11.982646210120677, 3.187448782966053 11.982657055221239, 3.0482784485708034 11.982273664954583, 2.2640303321915307 11.979777282695956, 1.2562586351773968 11.976704808006616, 1.006427747452962 11.975936688460196, 0.4973546114644114 11.974400442367433, 0.1697501198772713 11.973248261279304, -0.1171414561009642 11.972480142437783, -0.5200194298080542 11.971135937239993, -0.8660556590495686 11.970175791933165, -1.3063814522925377 11.968831577167633, -1.5176136084044811 11.968063461317966, -1.6992762155586438 11.967487368804521, -1.7858823886211774 11.9672953312947, -2.1328676651326988 11.966143194239317, -2.1328816738971343 11.966143157536724, -2.232930655606684 11.965951110577349, -2.3923089035924017 11.965375045430655, -2.9303758449975734 11.963646779494475, -3.5252846832975337 11.961918508873019, -3.9285485126911435 11.960574298489925, -4.146501121340974 11.95999821127006, -8.36289711522088 11.94694019200383, -9.02059993269659 11.94482786219281, -9.217181645646107 11.944252501081738, -9.217417185493211 11.944240149225154, -9.217425304515954 11.944004425511018, -9.17905976032636 9.392695736903072, -9.179091174938646 9.391739250086031, -9.179213876876572 9.390790146222654, -9.17942674236964 9.389857117717783, -9.179727821880912 9.388948709749448, -9.180114357961914 9.388073242007538, -9.229910959224714 9.288480039481941, -9.23387599512827 9.280549967674828, -9.234369373940845 9.279675852059249, -9.23494789556578 9.27885559996899, -9.235605731393292 9.278097475450108, -9.236336253722412 9.277409116612906, -9.237132102535101 9.27679745867792, -9.237985259648509 9.276268664103503, -9.238887129498217 9.275828060499023, -9.239828625738616 9.275480086949154, -9.240800262787905 9.27522824929006, -9.241792251395413 9.275075084788078, -9.242794597268357 9.275022136576736, -9.760309862577385 9.273693682421147, -9.797923257619686 9.2735017773444, -9.79794678815796 9.273501684975733, -11.055346660217097 9.270045179620652, -11.57036999299837 9.268700972556152, -12.368638106976896 9.266588644076002, -13.345109053011448 9.263900228490263, -16.11610099072417 9.256219032340098, -16.28387874003824 9.255835540341666, -16.284113025535504 9.255823475759485, -16.28412344397525 9.255589111290172, -16.245719824750978 1.1524254549677682, -16.245707096816258 1.1521903969369847, -16.24547184719196 1.1521819187825606, -16.116096644841242 1.1539069222124219, -13.442328205765433 1.190581232579637, -13.442095443075772 1.1905958115631865, -13.442085389068922 1.1908288135661929, -13.461263110135935 4.5469300002932975, -13.461219897052098 4.54791754288154, -13.461079397028463 4.548895994452935, -13.460842982901625 4.549855794481503, -13.460512964692306 4.5507875646869325, -13.460092567033957 4.551682200670481, -13.459585897664603 4.552530960874759, -13.458997907289845 4.553325551998167, -13.45833434120911 4.554058210029384, -13.406606971382665 4.605785579855829, -13.405879836412433 4.6064446165775905, -13.405091605900996 4.607029208166989, -13.404249870939058 4.607533724687447, -13.403362737894449 4.607953307369077, -13.402438750343343 4.6082839154012865, -13.40148680679096 4.608522364847996, -13.400516074974092 4.608666359310686, -13.399535903570797 4.608714512043964, -10.008893222185836 4.608714512043964, -10.007913050782541 4.608666359310686, -10.006942318965677 4.608522364847996, -10.005990375413292 4.6082839154012865, -10.005066387862186 4.607953307369077, -10.004179254817576 4.607533724687447, -10.003337519855641 4.607029208166989, -10.002549289344202 4.6064446165775905, -10.00182215437397 4.605785579855829, -9.950071087349691 4.5540345128315485, -9.949412050627927 4.553307377861319, -9.94882745903853 4.552519147349879, -9.948322942518073 4.551677412387943, -9.947903359836445 4.5507902793433335, -9.947572751804234 4.5498662917922275, -9.947334302357525 4.548914348239844, -9.947190307894836 4.5479436164229785, -9.947142155161558 4.546963445019684, -9.947142155161558 0.864488862525181, -9.947091965921913 0.8637826463307472, -9.908769886741949 0.5955280920709826, -9.908726744715123 0.5953031942054688, -9.908498005983086 0.595292291139012, -9.678542704840396 0.595292291139012, -9.67831145392671 0.5953035008772058, -9.678295429938201 0.5955344681370041, -9.659201957623692 1.5120211392334175, -9.659127181974775 1.5130509872309177, -9.658946608868057 1.5140676344896837, -9.658662163534807 1.515060241737299, -9.658276878669433 1.516018226010729, -9.657794862095542 1.5169313734895749, -9.657221252969235 1.5177899483936104, -9.656562166986506 1.5185847967835562, -9.655824631179062 1.5193074441583965, -9.6550165089936 1.5199501858086664, -9.5248700675775 1.6129119296773102, -9.524687693008373 1.6130557579127958, -9.524676658224193 1.6132877606677987, -9.524676658224193 1.7664207930043458, -9.52468912859345 1.766666984610772, -9.52489128937566 1.766808040753186, -9.673565100230974 1.8597291725377563, -9.674399880687174 1.8603120295935593, -9.675171069299523 1.8609767467377154, -9.675870672075263 1.8617164336402152, -9.67649143706664 1.8625234228489618, -9.677026929543203 1.863389349269101, -9.677471598692987 1.864305236873988, -9.677820835161143 1.8652615917489488, -9.678071018829648 1.8662485005033767, -9.678219556342738 1.8672557330310278, -9.678264907989126 1.8682728485533369, -9.659124654493102 4.873292647428936, -9.659067532823782 4.874298161693905, -9.658909560427269 4.875292830756509, -9.658652339652058 4.876266565471387, -9.658298479544602 4.87720948903484, -9.657851569385189 4.8781120371673925, -9.657316142281093 4.8789650551263835, -9.656697629186276 4.879759890564507, -9.656002303814024 4.880488481292464, -9.301306906946639 5.216515699377357, -9.300575562463553 5.217144482259304, -9.299787044932044 5.217699885507464, -9.298948689399756 5.218176742579397, -9.29806829452371 5.218570617594854, -9.297154050024629 5.218877846599779, -9.296214460503483 5.21909557164961, -9.295258266328924 5.21922176739481, -9.294294362331506 5.219255259921336, -9.293331715061084 5.219195737670768, -9.292379279377014 5.219043754338522, -9.291445915147152 5.218800723723202, -9.290540304830452 5.2184689065749765, -9.289670872709904 5.218051389565351, -9.288845706527097 5.217552056573931, -9.288072482247408 5.216975552559315, -9.287358392655666 5.216327240350164, -8.833547014372092 4.762515862066592, -8.833365565902401 4.7623517752177165, -8.833124390608768 4.762392793736281, -8.66077843468265 4.800691895053196, -8.660553922733873 4.8007532961925925, -8.66054268721595 4.800985781629105, -8.66054268721595 4.877317086101726, -8.660553911998177 4.8775516760678315, -8.660708275600685 4.877728679813963, -9.121246494651976 5.357455991325721, -9.121420516871083 5.3576205313366785, -9.121643789732524 5.3577071706885, -9.294022866101306 5.41516686281143, -9.294240770051836 5.4152286211160785, -9.294458999142682 5.41516686281143, -9.5820420448128 5.319305847588056, -9.582278233909834 5.319213399807808, -9.582457879110699 5.319034348355057, -9.760300963013407 5.122582000272942, -9.797937449081935 5.08091303745744, -9.944164616024143 4.919253917247201, -9.944818385051796 4.918595338618236, -9.94553038785299 4.918000198497645, -9.94629449308857 4.917473621873587, -9.947104120744605 4.917020143306694, -9.947952298795501 4.916643667881174, -9.948831723242902 4.916347437576572, -9.949734821013294 4.916134003349801, -9.95065381517278 4.916005203167831, -9.951580791897335 4.915962146180228, -13.489896985030587 4.915962146180228, -13.490864332895235 4.91600904424622, -13.491822607411088 4.9161492985584765, -13.492762820333844 4.9163815935858, -13.493676152829966 4.9167037504906865, -13.494554038193918 4.917112747565979, -13.495388242200555 4.91760474857731, -13.496170940338963 4.918175138745501, -13.496894791203353 4.918818568031405, -13.497553005352609 4.919529001317194, -13.498139408992603 4.920299775013451, -13.498648501884018 4.921123659561035, -13.499075508932448 4.9219929272415746, -13.499416424976946 4.922899424660457, -13.49966805235688 4.923834649222531, -13.49982803090476 4.924789828883147, -13.499894860083685 4.925756004426557, -13.538093885074865 6.77840871649879, -13.538109862990368 6.778639715464232, -13.538341142241348 6.778650928131331, -13.729884280965178 6.778650928131331, -13.730117334538134 6.7786395310884435, -13.730130395916206 6.778406564865893, -13.749266529743947 4.0993478289823475, -13.749322070294381 4.098364362514089, -13.749474098569383 4.097391131580274, -13.749721139452213 4.0964375793535215, -13.750060795927297 4.095512958065715, -13.750489772338273 4.094626239234429, -13.75100390636543 4.093786026613091, -13.751598209412334 4.093000472709547, -13.752266915009725 4.092277199682987, -13.753003534767068 4.091623225386836, -13.753800921328802 4.091044895275136, -13.754651337724514 4.0905478208331845, -13.755546532440048 4.090136825129787, -13.756477819481232 4.089815896019458, -13.757436162653281 4.089588147448622, -13.758412263238203 4.089455789241271, -14.414050097848122 4.033258260560422, -14.415030433921196 4.033222524978655, -14.416009554326786 4.033283015302941, -14.416978036638234 4.033439149413202, -14.417926560803075 4.033689424774928, -14.418845998833246 4.034031432898591, -14.419727502646978 4.034461882517417, -14.420562589217077 4.034976631260414, -14.421343222206113 4.035570725515902, -14.422061889302993 4.03623844810189, -14.422711674516615 4.036973373284568, -14.423286324730931 4.037768428615447, -14.423780309880934 4.0386159629920675, -14.424188876170437 4.039507820287298, -14.497407609952393 4.222554654742187, -14.497700925021954 4.223394479806339, -14.497918444910193 4.22425704862483, -14.49805844829551 4.2251355353467055, -14.498119827275302 4.226022988156297, -14.498102096133223 4.226912384285708, -14.459858047374105 4.819695140052076, -14.45985466103951 4.819938593823359, -14.460081461269358 4.8200271537564525, -14.57483367280487 4.858277890934957, -14.575054121271922 4.858339880916148, -14.575166168341804 4.858140166774142, -14.613361905272564 4.781748692912629, -14.613454945304284 4.781539047757826, -14.61346559860607 4.781309440903067, -14.61346559860607 4.032847111162687, -14.613455899492099 4.032626937955983, -14.61340720940051 4.032411104284754, -14.555919177788908 3.821621655042218, -14.555848409030833 3.8214035538016304, -14.555619168495946 3.821398539280289, -13.811232262637873 3.8404853830202392, -13.810219222794718 3.8404599968158446, -13.80921395360192 3.840332215623155, -13.808226778110345 3.8401033516198058, -13.807267833567696 3.839775754996935, -13.806346967319701 3.839352789825208, -13.80547363568829 3.838838799509369, -13.804656806865195 3.838239062186074, -13.803904868818083 3.8375597365230103, -13.75226055978596 3.7859154274908877, -13.751601523064199 3.785188292520659, -13.751016931474801 3.7844000620092184, -13.750512414954342 3.783558327047282, -13.750092832272713 3.7826711940026736, -13.749762224240506 3.781747206451567, -13.749523774793795 3.7807952628991837, -13.749379780331106 3.7798245310823178, -13.749331627597826 3.7788443596790224, -13.749331627597826 1.5077448818424062, -13.749379244465793 1.5067701665028164, -13.749521641596472 1.5058047337415528, -13.74975746288879 1.5048577777354806, -13.750084462528475 1.5039383167004212, -13.750499526375798 1.5030551070073175, -13.750998701622672 1.5022165597920372, -13.751577234436736 1.5014306608529875, -13.752229615233862 1.5007048945993717, -13.752949631147997 1.5000461727743648, -13.753730425198592 1.499460768632, -13.754564561592213 1.4989542571946288, -13.755444096536346 1.4985314621598982, -13.756360653891134 1.4981964099628777, -13.75730550493847 1.4979522914308125, -13.758269651508835 1.4978014313956844, -13.759243911674245 1.4977452665539688, -15.934277569222955 1.4786660239438927, -15.935269045595772 1.4787065621139222, -15.936251622921953 1.4788451642032368, -15.937215626069705 1.4790804654403893, -15.938151562801375 1.4794101488876497, -15.939050217240528 1.4798309682551685, -15.939902740617809 1.480338779866177, -15.94070073840201 1.4809285834584782, -15.941436352958403 1.4815945714204644, -15.993151020031128 1.533309238493188, -15.99381005675289 1.5340363734634173, -15.994394648342286 1.5348246039748579, -15.994899164862744 1.535666338936794, -15.995318747544372 1.536553471981403, -15.995649355576582 1.537477459532509, -15.995887805023294 1.5384294030848924, -15.996031799485984 1.5394001349017579, -15.99607995221926 1.5403803063050534, -15.99607995221926 3.7394343620828034, -15.99603480926016 3.740383478142779, -15.995899787960202 3.7413240250212585, -15.995676107371592 3.7422475109043876, -15.995365787015068 3.7431455980150767, -15.994971628646457 3.7440101778913837, -15.994497190960784 3.744833444594508, -15.993946757462258 3.745607965185429, -15.993325297790262 3.7463267468338737, -15.992638422850504 3.7469832999537305, -15.99189233415645 3.747571696794871, -15.864602704086222 3.8384928611307476, -15.863768490446175 3.8390283483588172, -15.862885358388878 3.839478611324255, -15.861961986090703 3.839839225477649, -15.86100744715235 3.840106647211679, -15.860031121436302 3.840278248682691, -15.859042602894778 3.8403523436334397, -15.858051605293879 3.8403282039632467, -15.34341682748211 3.8022071093105234, -15.343183005974314 3.802200982233663, -15.343009907846337 3.8023582942696295, -15.285743568274095 3.8596246338418747, -15.285582581330246 3.8598022742332696, -15.285617993404296 3.8600393794625605, -15.323926227648801 4.051580550685073, -15.323985942005539 4.051816486190777, -15.324227818457699 4.051843451893895, -15.948241969518415 4.08966249135212, -15.94924478792255 4.089774268577403, -15.950231237004997 4.089986535172769, -15.951191273343916 4.090297129969438, -15.952115122435893 4.090702890680967, -15.952993378213947 4.091199686099709, -15.953817098814358 4.091782458158256, -15.954577897617273 4.09244527342758, -15.95526802863413 4.093181383527592, -15.955880465372582 4.09398329383502, -15.956408972375963 4.094842839789082, -15.956848168708882 4.095751270018057, -15.957193582742628 4.096699335440408, -15.957441697682558 4.0976773834332745, -15.957589987373954 4.098675456109582, -15.957636942021779 4.0996833917031665, -15.93851008271916 8.977032513870467, -15.938458336077765 8.978010050668688, -15.938311260447769 8.97897784437906, -15.938070265190081 8.979926621061187, -15.937737659655994 8.98084728900647, -15.937316631057687 8.981731025859942, -15.936811213926573 8.982569363161, -15.936226251452162 8.983354267492945, -15.935567349071917 8.984078217463649, -15.934840820756818 8.984734275779758, -15.93405362850736 8.985316155723707, -15.933213315639769 8.985818281396556, -15.932327934501735 8.986235841149393, -15.931405969310312 8.986564833691217, -15.930456254851402 8.986802106431567, -15.929487891819907 8.986945385690392, -15.928510159611776 8.98699329848573, -13.791879717488593 8.98699329848573, -13.790899546085297 8.986945145752452, -13.78992881426843 8.986801151289763, -13.788976870716048 8.986562701843054, -13.78805288316494 8.986232093810843, -13.78716575012033 8.985812511129215, -13.786324015158394 8.985307994608759, -13.785535784646957 8.984723403019357, -13.784808649676727 8.984064366297597, -13.733057582652442 8.932313299273316, -13.732398545930682 8.931586164303084, -13.731813954341284 8.930797933791645, -13.731309437820824 8.929956198829709, -13.730889855139196 8.929069065785098, -13.730559247106989 8.928145078233994, -13.730320797660278 8.927193134681609, -13.730176803197589 8.926222402864743, -13.730128650464309 8.925242231461448, -13.730128650464309 7.508603116140219, -13.730117523199002 7.508370516607773, -13.729921090919706 7.5082454537509, -13.59593323368736 7.431680963903844, -13.595704276621962 7.431565457828178, -13.595448179158334 7.4315521506708935, -12.731814959788835 7.4315521506708935, -12.731583690683806 7.4315633098924385, -12.731543932233084 7.4317914089778245, -12.712401789036349 7.584928554551708, -12.71238420208718 7.585164191689731, -12.712620200998744 7.585175967739024, -13.476347812104862 7.585175967739024, -13.47732798350816 7.585224120472302, -13.478298715325023 7.585368114934991, -13.479250658877408 7.5856065643817026, -13.480174646428516 7.58593717241391, -13.481061779473123 7.58635675509554, -13.481903514435059 7.586861271615999, -13.4826917449465 7.587445863205398, -13.48341887991673 7.588104899927159, -13.53516994694101 7.639855966951441, -13.535828983662775 7.64058310192167, -13.536413575252173 7.64137133243311, -13.536918091772629 7.642213067395047, -13.537337674454257 7.643100200439656, -13.537668282486468 7.644024187990762, -13.537906731933177 7.644976131543145, -13.538050726395866 7.645946863360011, -13.538098879129144 7.646927034763306, -13.538098879129144 8.925242231461448, -13.538050726395866 8.926222402864743, -13.537906731933177 8.927193134681609, -13.537668282486468 8.928145078233994, -13.537337674454257 8.929069065785098, -13.536918091772629 8.929956198829709, -13.536413575252173 8.930797933791645, -13.535828983662771 8.931586164303084, -13.53516994694101 8.932313299273316, -13.48341887991673 8.984064366297597, -13.4826917449465 8.984723403019357, -13.481903514435059 8.985307994608759, -13.481061779473123 8.985812511129215, -13.480174646428512 8.986232093810843, -13.479250658877408 8.986562701843054, -13.478298715325023 8.986801151289763, -13.47732798350816 8.986945145752452, -13.476347812104862 8.98699329848573, -8.353536631548002 8.98699329848573, -8.353305930719417 8.987004451465188, -8.353289015504425 8.987234801496138, -8.334178054279889 9.751673250477568, -8.334109667208228 9.75261710341266, -8.333952367023732 9.753550265674335, -8.333707562404852 9.754464380466487, -8.333377445663007 9.755351261569798, -8.332964973109675 9.756202966652205, -8.332473838581576 9.757011868395288, -8.33190844036106 9.757770722799567, -7.892579523246195 10.29260592624375, -7.892435468702826 10.292799992581443, -7.892423601875288 10.293041389833492, -7.892423601875288 10.426964905672039, -7.892435895562656 10.42720898558283, -7.892648709367511 10.42732913724558, -7.969012353230555 10.465510959177102, -7.96923187831089 10.465607354183208, -7.9693840180825255 10.465422052407721, -8.352367354441176 9.948394548323542, -8.353022447239995 9.947599340762512, -8.353755883945881 9.946875757844914, -8.354559879116172 9.946231480415285, -8.362880048454889 9.940240958491408, -8.362913082969866 9.940217275433383, -8.487522384181494 9.851265405030007, -8.48770485163887 9.851121585371615, -8.4877158930143 9.85088951522021, -8.4877158930143 9.259977113978692, -8.48776404574758 9.258996942575397, -8.48790804021027 9.258026210758532, -8.488146489656978 9.257074267206148, -8.488477097689188 9.256150279655044, -8.488896680370816 9.255263146610432, -8.489401196891274 9.254421411648496, -8.489985788480674 9.253633181137056, -8.490644825202436 9.252906046166826, -8.542395892226716 9.201154979142546, -8.543123027196946 9.200495942420785, -8.543911257708386 9.199911350831385, -8.544752992670324 9.199406834310928, -8.545640125714932 9.1989872516293, -8.546564113266038 9.19865664359709, -8.547516056818422 9.19841819415038, -8.548486788635287 9.19827419968769, -8.549466960038584 9.198226046954412, -8.842749435719012 9.198226046954412, -8.84371850072225 9.198273112059644, -8.84467844389622 9.198413864350512, -8.845620229275616 9.198646978922742, -8.846534991814847 9.198970261463957, -8.847414120834872 9.199380668908795, -8.848249341075729 9.199874338083339, -8.84903279059171 9.20044662206926, -8.849757094756034 9.20109213394535, -8.850415435678357 9.20180479749474, -8.851001616381721 9.202577904400437, -8.851510119134828 9.203404177390865, -8.851936157390563 9.204275838740982, -8.852275720841858 9.205184683484147, -8.852525613170796 9.206122156645664, -8.85268348213563 9.207079433770941, -8.85274784171247 9.208047503990242, -8.890970871735808 11.348537185297268, -8.89095031732092 11.349380918366677, -8.872025370966055 11.633255113689659, -8.87190461940057 11.634274435184885, -8.871680013700301 11.635276008712195, -8.87135392030473 11.636249281720431, -8.870929774924909 11.637183999831933, -8.870412046344901 11.638070314882377, -8.869806189338796 11.63889888868075, -8.869118587199354 11.639660991396287, -8.816804248230097 11.691975330365546, -8.816047397021372 11.692658659286412, -8.815224892977312 11.693261360923835, -8.814345288183787 11.693777168614204, -8.81341772843865 11.694200719184312, -8.812451858157198 11.694527608715575, -8.811457720093195 11.694754438334318, -8.81044565091811 11.694878849551987, -8.5498795089318 11.713490716836723, -8.548928240638672 11.713513278212524, -8.547979134469431 11.713445323369406, -8.547040783824777 11.713287467584372, -8.546121684722692 11.713041140115871, -8.54523015887377 11.71270857126301, -8.544374278334748 11.712292772171958, -8.543561792422471 11.711797507572435, -8.542800057549977 11.711227261691064, -8.542095970620055 11.710587197650282, -8.490644825202436 11.659136052232661, -8.489985788480674 11.658408917262433, -8.489401196891274 11.657620686750992, -8.488896680370816 11.656778951789057, -8.488477097689188 11.655891818744445, -8.488146489656978 11.65496783119334, -8.48790804021027 11.654015887640956, -8.48776404574758 11.65304515582409, -8.4877158930143 11.652064984420797, -8.4877158930143 11.195572571355678, -8.487704842527835 11.195339473691035, -8.487570045392077 11.195148983883684, -8.362896541646442 11.035566899089275, -8.007787037613488 10.581026733927091, -8.00763763796104 10.580853088737344, -8.007417142495598 10.580915174627865, -7.892651520492037 10.619170381962386, -7.892434765455256 10.61925440108783, -7.892423601875288 10.619486602151312, -7.892423601875288 10.71502759702838, -7.892434355145368 10.715257592751597, -7.892565757934747 10.715446661449336, -8.332028139559087 11.28865846356804, -8.332561213312681 11.289425475903684, -8.333020395913474 11.290238880408792, -8.333401681105542 11.291091580327937, -8.333701742268813 11.291976136062807, -8.333917961443001 11.292884830080897, -8.334048452168679 11.293809734249074, -8.334092075946169 11.294742779004611, -8.334092075946169 11.63286200728728, -8.33404392321289 11.633842178690573, -8.333899928750201 11.634812910507438, -8.33366147930349 11.635764854059822, -8.333330871271281 11.636688841610928, -8.332911288589655 11.63757597465554, -8.332406772069195 11.638417709617475, -8.331822180479795 11.639205940128916, -8.331163143758035 11.639933075099144, -8.260363644505446 11.710732574351733, -8.259600670568169 11.711420884844175, -8.258771089432159 11.712027264017422, -8.257883660649298 11.712545309110363, -8.256947754585104 11.71296955008195, -8.255973253476975 11.713295507369375, -8.254970447087599 11.713519739187804, -8.253949924055286 11.713639877872206, -8.252922460088483 11.713654654877534, -7.229627965465844 11.675754858780401, -7.2286322364298305 11.675667994593951, -7.227650152488161 11.675482164479162, -7.226691524872525 11.675199224919204, -7.225765930480826 11.674822002541681, -7.22488261620189 11.674354265880002, -7.224050406537046 11.673800687724919, -7.223277615441434 11.673166798442322, -7.2225719632657945 11.672458930723701, -7.2219404996284915 11.671684156321176, -7.221389532988287 11.670850215399149, -7.220924567621475 11.669965439208399, -7.220550248632974 11.669038666855073, -7.2202703155506995 11.668079156996084, -7.220087564966895 11.667096495343138, -7.220003822599546 11.66610049889939, -7.181921649594404 10.542676395247726, -7.181902405252901 10.542443073182818, -7.181680674604175 10.542367939634568, -7.0477251012326665 10.504094918671278, -7.0474959189229756 10.5040412693004, -7.047321631977134 10.504199468056962, -6.9708465297887985 10.5806745702453, -6.970691349807239 10.58084503252342, -6.970672475773167 10.581074775827503, -6.932610666346585 11.6658363444851, -6.9325317014791015 11.666787625494196, -6.932362395053325 11.6677270435815, -6.9321042897403204 11.668646039041754, -6.931759737320873 11.669536238254748, -6.9313318772567385 11.67038952998334, -6.930824608084778 11.671198139280676, -6.930242551894621 11.67195469833327, -6.929591012213526 11.672652313594371, -6.928875925682177 11.673284628595969, -6.928103807961733 11.673845881867088, -6.927281694365016 11.674330959430634, -6.926417075752775 11.674735441400479, -6.925517830279141 11.67505564225418, -6.924592151608164 11.675288644414389, -6.923648474255528 11.675432324832975, -6.9226953967356835 11.675485374335615, -4.146498496269857 11.69730149393451, -3.928543509779344 11.699029770878518, -3.5252819028019298 11.702102240346779, -2.9303737876343727 11.706710954011562, -2.392303980604024 11.710935629423034, -2.232918400505044 11.712279842299962, -2.1328736103140087 11.71304794072191, -2.039703872238763 11.713783007688974, -2.0387135303261013 11.713741695317754, -2.0377321432514175 11.713602543509888, -2.036769352983891 11.713366919409365, -2.0358346187820837 11.713037137984841, -2.03493712425825 11.712616439285439, -2.034085687150837 11.712108956607793, -2.0332886726916275 11.711519675887082, -2.032553911418694 11.71085438671102, -1.980835576940336 11.659136052232663, -1.9801765402185745 11.658408917262435, -1.9795919486291762 11.657620686750995, -1.9790874321087182 11.656778951789057, -1.9786678494270888 11.65589181874445, -1.9783372413948794 11.654967831193341, -1.9780987919481694 11.65401588764096, -1.9779547974854794 11.653045155824092, -1.9779066447522013 11.652064984420797, -1.9779066447522013 6.974822835090227, -1.9779547974854794 6.973842663686932, -1.978098791948169 6.972871931870066, -1.9783372413948794 6.9719199883176834, -1.9786678494270884 6.970996000766576, -1.9790874321087177 6.970108867721968, -1.979591948629176 6.969267132760031, -1.9801765402185738 6.968478902248591, -1.980835576940336 6.9677517672783615, -2.0325375058926896 6.916049838326008, -2.033276082331401 6.915381425986796, -2.0340774941956243 6.914789810203612, -2.0349337893141635 6.914280861403634, -2.0358364709256387 6.913859629734197, -2.036776581989318 6.913530294951676, -2.0377447940631668 6.913296124947009, -2.0387314998671964 6.9131594433194, -2.039726908613643 6.913121606319923, -2.132866665152654 6.914223851959438, -2.1328826742731484 6.914224054234025, -2.2329287050784337 6.9155682342326505, -3.6002809972524106 6.932154911508047, -3.601252977036755 6.932214118110517, -3.6022145898306954 6.932367581322655, -3.6031567171397314 6.932613845929367, -3.6040704252404967 6.932950576726218, -3.6049470498948013 6.933374580663011, -3.605778278508283 6.933881837121894, -3.606556228954594 6.934467536042873, -3.6072735243176695 6.935126123535207, -3.6079233628433474 6.935851354542194, -3.60849958243701 6.936636352059918, -3.6089967190956496 6.93747367234845, -3.6094100587202913 6.938355375517124, -3.6097356818174355 6.939273100814562, -3.6099705006656637 6.940218145909499, -3.610112288594958 6.941181549410665, -3.6101597011011055 6.9421541758431715, -3.6101597011011055 8.833123995196507, -3.610171196340892 8.83335798617781, -3.610405187322193 8.833369481417597, -6.923014433806845 8.833369481417597, -6.924008804086505 8.833419042847014, -6.924993317883679 8.83356723586821, -6.925958216416155 8.833812591549593, -6.926893935333826 8.834152677855506, -6.927791199523276 8.83458412375326, -6.928641115045348 8.835102652627771, -6.929435257294405 8.835703124672598, -6.930165754505447 8.836379587837166, -6.93082536578128 8.837125336825201, -6.931407552866364 8.837932979559532, -6.931906544955876 8.83879451045449, -6.932317395897569 8.839701389769543, -6.932636033219456 8.840644628257655, -6.932859298497306 8.841614876269281, -6.932984978661861 8.84260251642875, -7.009067332355674 9.831673114448323, -7.009097559979985 9.831909572896402, -7.009332574725024 9.831869643251238, -7.181677700468476 9.79357072641936, -7.181902212417253 9.793509325279963, -7.181913447935178 9.793276839843436, -7.181913447935178 8.66078287573191, -7.181902415765754 8.660553351750215, -7.181673397300127 8.660534549906286, -6.058169273482331 8.62244966435314, -6.057178829227483 8.622366668191667, -6.0562015160396925 8.622185761813244, -6.05524698848501 8.62190873233443, -6.05432467603746 8.621538316441306, -6.053443689928279 8.621078173354634, -6.05261273313895 8.620532848681572, -6.051840014427224 8.619907729511068, -6.051133167235415 8.619208991196523, -6.050499174282042 8.618443536351442, -6.049944298581789 8.61761892666071, -6.049474021575161 8.616743308181107, -6.049092988979087 8.615825330869018, -6.048804964893359 8.614874063130248, -6.048612794616282 8.613898902236144, -6.048518376536887 8.612909481490929, -6.0297454628223095 8.199905379770252, -6.029724339535732 8.199677154969699, -6.029539799385017 8.199541222318771, -5.91472974419748 8.123001185527082, -5.914513207889901 8.12287230795851, -5.914261302914928 8.122865882713596, -5.165842838378037 8.142056099753, -5.165614305852502 8.142073051231911, -5.165648322552365 8.142299672793113, -5.184755718894967 8.237836654506124, -5.184813315891376 8.23806561453238, -5.185049125368973 8.238077190278586, -5.731690162921439 8.238077190278586, -5.732670334324735 8.238125343011864, -5.733641066141601 8.238269337474554, -5.7345930096939846 8.238507786921264, -5.7355169972450915 8.238838394953474, -5.736404130289699 8.239257977635104, -5.737245865251636 8.23976249415556, -5.738034095763076 8.24034708574496, -5.738761230733305 8.24100612246672, -5.739420267455067 8.24173325743695, -5.740004859044465 8.24252148794839, -5.740509375564923 8.243363222910325, -5.740928958246553 8.244250355954936, -5.741259566278761 8.245174343506042, -5.7414980157254725 8.246126287058425, -5.741642010188162 8.247097018875293, -5.74169016292144 8.248077190278586, -5.74169016292144 8.650340556771992, -5.741640776570486 8.651333173519479, -5.741493105319961 8.652315985923156, -5.741248607758703 8.653279286479366, -5.740909698855184 8.654213560408238, -5.740479726104218 8.655109579633747, -5.739962936462838 8.655958493931905, -5.739364434401963 8.65675191834682, -5.738690131488162 8.657482016011173, -5.7379466879935 8.658141575553065, -5.737141447110248 8.658724082324694, -5.7362823624201775 8.659223782749292, -5.735377919334891 8.659635741150746, -5.734437051283109 8.659955888504621, -5.733469051472797 8.660181062629, -5.732483481099624 8.660309039418221, -5.731490074908458 8.66033855481095, -4.542270644678659 8.636538934940388, -4.171843910759592 8.629241776271668, -3.8310764552807797 8.622333066215385, -3.8301172605643674 8.622267391647656, -3.829168806009055 8.622109906380572, -3.8282398588219553 8.621862066157002, -3.827339005890376 8.621526161931804, -3.826474574407418 8.62110529869498, -3.825654554898089 8.620603366770153, -3.8248865273574815 8.620025005853675, -3.8241775911837452 8.619375562126775, -3.82353429955355 8.618661038837189, -3.8229625988466385 8.617888040807077, -3.8224677736794166 8.617063713380189, -3.822054398055667 8.616195676372605, -3.821726293085942 8.615291953637646, -3.821486491666449 8.614360898895944, -3.8213372104439394 8.613411118516357, -3.8212798293257473 8.612451391961491, -3.802238427411051 6.974890827297624, -3.8022764471698176 6.973895683362952, -3.802413258856256 6.972909255709635, -3.802647505630953 6.971941327302513, -3.802976864335234 6.971001497638858, -3.803398068531251 6.970099087544705, -3.803906940897102 6.9692430467349045, -3.804498434655721 6.968441865053705, -3.8051666836266294 6.967703488276138, -3.8552452494373783 6.917624922465388, -3.855950553946184 6.916983853247259, -3.8567136865888765 6.916412842947674, -3.8575277148839078 6.915917078762337, -3.8583852440013127 6.915501064333049, -3.8592784839391285 6.915168578835526, -3.8601993202896647 6.914922642648465, -3.861139387952737 6.914765489915688, -3.8620901471262687 6.91469854825064, -3.863042960883914 6.9147224257676, -3.8639891736349874 6.914836905557428, -3.8649201897539465 6.915040947658017, -3.865827551665128 6.915332698501562, -4.006933455320836 6.9682474123724525, -4.007859666103276 6.968649170790963, -4.008740647061132 6.969142271989752, -4.009567418564816 6.969721689905464, -4.0103315535288315 6.9703815186689475, -4.011025263307045 6.971115032802394, -4.0116414770805084 6.971914755770516, -4.012173913928642 6.972772536187117, -4.0126171468491565 6.973679630900211, -4.0129666580742045 6.9746267941089135, -4.013218885118909 6.975604371603677, -4.013371257092935 6.976602399169372, -4.013422220904952 6.977610704148143, -4.013422220904952 7.546524527250904, -4.013433716144738 7.546758518232206, -4.013667707126039 7.546770013471991, -4.685285818464368 7.546770013471991, -4.685515692985717 7.546758945405614, -4.685533935725473 7.54652952875385, -4.70446222643103 6.940824226176017, -4.7045447699098055 6.9398171754936016, -4.704728517283948 6.938823595398524, -4.705011592557994 6.937853629990859, -4.7053911056338755 6.936917182273112, -4.705863181817808 6.936023813044066, -4.706423001379524 6.935182643286431, -4.7070648487600195 6.934402261044841, -4.707782170925379 6.933690633744968, -4.708567644270921 6.933055026848937, -4.709413249392608 6.932501929677532, -4.710310352962316 6.932036989156541, -4.7112497958710415 6.931664952163643, -4.712221986740164 6.931389617064473, -4.713216999846009 6.931213794932657, -4.849255841758891 6.914208939693545, -4.8502420385197285 6.9141349486083685, -4.851230721022555 6.914158731803628, -4.852212219371822 6.914280056665705, -4.853176933937222 6.914497736566192, -4.854115429243713 6.914809642467816, -4.855018526256 6.915212723747671, -4.855877392154901 6.915703038034102, -4.856683626727495 6.916275789765419, -4.857429344526146 6.9169253770933, -4.858107251992813 6.917645446672167, -4.858710718794321 6.918428955798629, -4.859233842670928 6.919268241293259, -4.8596715071638785 6.920155094450992, -4.860019431657385 6.921080841327082, -4.860274213245557 6.9220364275733735, -4.915909990854712 7.181670056416102, -4.915972164053179 7.1819029588876395, -4.916207676271043 7.181954369616981, -5.02049544034078 7.199335663628602, -5.02144393859821 7.199541497188618, -5.022368015192314 7.199838311687937, -5.02325896517004 7.200223311085297, -5.02410839563649 7.200692868623243, -5.024908304817377 7.201242560992765, -5.025651157437039 7.201867210001598, -5.026329955701983 7.202560931353647, -5.026938305221236 7.2033171900800115, -5.027470475242566 7.204128862099471, -5.027921452637102 7.2049883013285, -5.028286989123832 7.205887411708623, -5.028563641289111 7.206817723472617, -5.028748803024171 7.207770472931104, -5.028840730075103 7.2087366850279455, -5.028838556474015 7.209707257886743, -5.028742302696585 7.210673048552005, -5.02855287546918 7.2116249591172865, -4.97363379430109 7.431301283789647, -4.973585320154317 7.431548960139982, -4.973734825060662 7.4317522864796395, -5.146248733676721 7.642602619232601, -5.146402336449312 7.642773285872742, -5.146630706201492 7.642749467725139, -5.208242188058931 7.633373783681683, -5.395783572700442 7.604418007525377, -5.396026709948756 7.604367612518129, -5.396110135470557 7.604133741697827, -5.453578720373149 7.412571792022516, -5.453634410520076 7.412349033701623, -5.453584352033907 7.4121249426265, -5.399017121704832 7.212045098086556, -5.398803113012683 7.211071609261257, -5.398687077831237 7.210081651661172, -5.39867016894706 7.20908506031918, -5.398752554346571 7.2080917361730705, -5.398933415547128 7.207111547701688, -5.399210955728489 7.206154232883549, -5.399582417583871 7.205229302451952, -5.400044110713238 7.20434594540772, -5.400591448286703 7.203512937728302, -5.401218992613775 7.202738555180165, -5.401920509165736 7.202030491100704, -5.402689028514448 7.201395779966444, -5.403516915572246 7.200840727506916, -5.404395945445022 7.200370848058478, -5.405317385144922 7.199990809780477, -5.406272080350849 7.199704388278007, -5.407250546354837 7.199514429092023, -5.530221613520787 7.181947133782602, -5.530446511386301 7.181903991755776, -5.530457414452757 7.1816752530237356, -5.530457414452757 6.974822835090227, -5.530505567186035 6.973842663686932, -5.530649561648724 6.972871931870066, -5.530888011095435 6.9719199883176834, -5.531218619127643 6.970996000766576, -5.531638201809273 6.970108867721968, -5.532142718329731 6.969267132760031, -5.532727309919129 6.968478902248591, -5.533386346640892 6.9677517672783615, -5.58428202520523 6.916856088714025, -5.585009968793784 6.916196388447124, -5.585799130274488 6.915611298310785, -5.586641893400089 6.915106465046832, -5.587530124610485 6.914686760832952, -5.58845525153021 6.914356236260999, -5.589408345700988 6.914118081244474, -5.590380208750833 6.913974594232467, -5.5913614611681215 6.913927160027187, -5.592342632823858 6.913976236419145, -5.593314254368476 6.91412134976898, -5.7720572785398545 6.949869954603256, -5.77300825738385 6.950109182061249, -5.773931233363264 6.950440400840626, -5.774817331228403 6.950860425972945, -5.775658030346038 6.951365218536276, -5.7764452466329965 6.95194992449309, -5.777171410291946 6.9526089213662265, -5.777829538601851 6.953335872304111, -5.77841330306315 6.9541237870153, -5.778917090252019 6.954965088986483, -5.779336055798517 6.955851688337507, -5.779666170969585 6.956775059612896, -5.779904261408976 6.957726323761836, -5.780048037661553 6.958696333518272, -5.780096117188472 6.959675761360166, -5.780096117188472 7.546524527250904, -5.780107936639087 7.546765117695246, -5.780269702160097 7.546943598443616, -5.837531278594064 7.604205174877584, -5.83770891898547 7.604366161821442, -5.837946024214773 7.60433074974739, -6.029499435808181 7.56602006742871, -6.029723977878618 7.5659638324606835, -6.029741877038348 7.565733048724019, -6.048652326190528 6.922777777549928, -6.048726952815297 6.921817675308105, -6.048893583838364 6.920869203089203, -6.049150673981195 6.919941156696862, -6.049495839078634 6.919042142512666, -6.049925878188832 6.9181804976835295, -6.050436803277667 6.917364212805882, -6.0510238762024 6.916600857823635, -6.051681652651575 6.915897511827137, -6.052404032633678 6.915260697404141, -6.053184317046349 6.914696320151572, -6.054015269801554 6.914209613909065, -6.054889184930552 6.913805092222147, -6.055797958046392 6.913486506485173, -6.056733161501199 6.913256811152185, -6.057686122541263 6.91311813633834, -6.058648003735171 6.913071768065946, -7.911380484922406 6.913071768065946, -7.911622306336594 6.913059858689356, -7.91181654647491 6.912915324270331, -8.230782119917746 6.650237793199759, -8.231592453674777 6.649636417158117, -8.232459269536651 6.649119770080469, -8.233373740769975 6.648693112952706, -8.234326555369575 6.6483607903985105, -8.23530801088212 6.648126186438315, -8.236308113205585 6.647991690030034, -8.237316678358608 6.647958670742442, -8.238323436183338 6.648027464808947, -8.239318134925846 6.648197371703735, -8.2402906456291 6.648466661275193, -8.241231065275535 6.648832591363929, -8.242129817628866 6.64929143572602, -8.242977750748336 6.649838521977128, -8.243766230182358 6.650468279171105, -8.244487226892632 6.651174294528599, -8.698773653708797 7.143317923579442, -8.698954344632936 7.143494467758746, -8.69920662896264 7.143507493668145, -8.813914826456651 7.143507493668145, -8.81415890636744 7.143495199980778, -8.814279058030193 7.143282386175921, -8.852465016684823 7.066910468866661, -8.852558875147823 7.066697789416981, -8.852402578044343 7.066525704627307, -8.180646221976486 6.39476934855945, -8.180464938466711 6.394605450949083, -8.180229496326659 6.394670972978126, -8.065464051752699 6.432926121169446, -8.065256200060041 6.4330059714889805, -8.065103829492546 6.43316833407649, -7.837793488330537 6.698363732098834, -7.837139118660869 6.699057306498928, -7.8364216637799196 6.699685401720091, -7.83564764711113 6.700242306837217, -7.834824106363238 6.700722958217749, -7.8339585295402445 6.701122985562495, -7.833058786857115 6.701438751642375, -7.832133059180226 6.701667385369736, -7.831189763643238 6.701806807903587, -7.830237477114723 6.701855751551353, -5.208230992896571 6.711440509908062, -4.542268110170496 6.71393690720014, -4.411110454756018 6.714320976494017, -4.171844955172307 6.715281110254863, -2.6022519722152158 6.7210060694632165, -2.6012810277369236 6.720962378483783, -2.6003189106607505 6.7208246366479205, -2.599374709549473 6.7205941451229725, -2.598457343724123 6.720273081228879, -2.5975754790083294 6.719864477870292, -2.5967374458673 6.719372194886484, -2.595951160714744 6.7188008825896794, -2.5952240511310922 6.718155937836254, -2.594562985699451 6.717443453045748, -2.593974209122077 6.716670158649321, -2.5934632832302853 6.715843359511256, -2.5930350344450552 6.714970865924139, -2.592693508184626 6.7140609198295556, -2.592441930649775 6.713122116961234, -2.592282678347762 6.712163325646133, -2.5922172556428493 6.7111936030304875, -2.534797625650331 3.6488133367628253, -2.5347815130281433 3.648577734149992, -2.534545392294838 3.6485738453548002, -2.232914843716601 3.658551456975909, -2.1328813821997525 3.6620075074697738, -2.1328679579341023 3.662007962237712, -1.7858765977891509 3.673529534808935, -1.6992709767086358 3.6764099878824426, -1.3828544936645617 3.686963600112536, -1.3826253931625345 3.686982287115199, -1.3826143536131892 3.68721188322241, -1.3826143536131892 4.339627345953646, -1.3826261730638043 4.339867936397988, -1.3827879385848107 4.340046417146355, -1.4592611254002124 4.416519603961755, -1.4594304431139762 4.416673802711435, -1.4596594452138154 4.416671858697744, -1.6992723771548257 4.403434634899634, -1.785899588908517 4.398632579273804, -1.800590218403051 4.397751141504132, -1.801529045738645 4.397738968379317, -1.8024648766639133 4.397814898810229, -1.8033894614085832 4.3979782634359905, -1.804294649342521 4.39822762212399, -1.8051724608271968 4.3985607766653025, -1.806015157559789 4.3989747901528915, -1.8068153107897982 4.399466012871762, -1.8075658668068244 4.400030114472833, -1.8082602091221958 4.400662122146925, -1.8597598497629677 4.452161762787697, -1.8604188864847295 4.452888897757926, -1.8610034780741278 4.453677128269367, -1.8615079945945856 4.454518863231303, -1.8619275772762152 4.455405996275911, -1.8622581853084244 4.456329983827018, -1.8624966347551344 4.457281927379401, -1.862640629217824 4.458252659196268, -1.862688781951102 4.4592328305995625, -1.862688781951102 6.697696883973534, -1.862640629217824 6.69867705537683, -1.8624966347551344 6.699647787193697, -1.8622581853084244 6.700599730746079, -1.8619275772762152 6.701523718297185, -1.8615079945945856 6.702410851341795, -1.8610034780741278 6.703252586303731, -1.8604188864847295 6.70404081681517, -1.8597598497629677 6.704767951785399, -1.8083451899730265 6.7561826115753405, -1.807633798167229 6.756828701342393, -1.8068636740992041 6.757403522365228, -1.8060419299439532 6.7579017661125595, -1.8051761545932952 6.7583188312521205, -1.8042743435716677 6.758650866144439, -1.8033448251966384 6.758894804413119, -1.8023961836660332 6.759048393263156, -1.8014371797819877 6.759110214285714, -1.8004766700440376 6.759079696557293, -1.7858759949741683 6.757911642707525, -1.6992703647890472 6.750998554474198, -1.3336111403821524 6.7217308074205935, -1.3326696122226638 6.7216102519979675, -1.3317437560940317 6.721400969141266, -1.3308419140422385 6.721104844507621, -1.3299722117442991 6.7207245462062914, -1.3291424852951916 6.720263500758763, -1.328360210603944 6.719725862225484, -1.3276324360350298 6.719116474777405, -1.3269657189019783 6.7184408290495785, -1.3263660663853953 6.717705012670044, -1.3258388814077355 6.716915655409759, -1.3253889139524881 6.716079869447774, -1.3250202182664044 6.715205185289864, -1.3247361163303744 6.714299483918009, -1.3245391679280847 6.713370925782043, -1.324431147582139 6.712427877273271, -1.248210377074816 5.569116319663429, -1.2481820473100174 5.568875829709208, -1.2479400358401884 5.568867556733913, 0.1697544040080443 5.592291002247515, 1.0711279514343122 5.607199216136246, 1.0721293869211153 5.607165572205436, 1.0731224282869771 5.607031879296141, 1.0740971053474462 5.606799479691785, 1.0750436322966046 5.606470706695896, 1.0759525059570463 5.606048861205623, 1.0768146011922466 5.605538178570561, 1.0776212625233843 5.6049437860696365, 1.0783643910307792 5.6042716514329705, 1.13004671868934 5.5525893237744075, 1.130705755411102 5.551862188804179, 1.1312903470005 5.551073958292739, 1.131794863520958 5.550232223330802, 1.1322144462025874 5.549345090286194, 1.1325450542347966 5.548421102735087, 1.1327835036815068 5.547469159182704, 1.1329274981441964 5.5464984273658375, 1.1329756508774744 5.545518255962542, 1.1329756508774744 4.420826876332529, 1.1329274981441964 4.419846704929234, 1.1327835036815068 4.4188759731123675, 1.1325450542347966 4.417924029559985, 1.1322144462025874 4.417000042008879, 1.131794863520958 4.416112908964269, 1.1312903470005 4.415271174002334, 1.130705755411102 4.414482943490893, 1.13004671868934 4.413755808520664, 1.0782956516650595 4.362004741496384, 1.0775685166948306 4.361345704774622, 1.0767802861833902 4.360761113185224, 1.075938551221454 4.360256596664766, 1.075051418176845 4.359837013983136, 1.0741274306257387 4.359506405950928, 1.0731754870733552 4.359267956504218, 1.0722047552564895 4.3591239620415285, 1.071224583853194 4.3590758093082504, -0.8830914619206726 4.3590758093082504, -0.8833254529019737 4.359064314068464, -0.8833369481417597 4.358830323087161, -0.8833369481417597 3.648808376509002, -0.8833256954773193 3.648576710757596, -0.8830942649607256 3.6485613628319307, 0.1697544275402099 3.629938765606221, 1.2863553114508681 3.6101640250555342, 1.2865883831737404 3.6101712809017616, 1.2866058085286842 3.6104038135496, 1.3634063642127838 6.5672252073874295, 1.3634014901192295 6.567610963691291, 1.325018399400975 7.316081232697255, 1.3249933804737524 7.316325897261791, 1.3247725221652509 7.316434102175818, 1.1907915696845464 7.3738545103818325, 1.1905829726009383 7.373933081169286, 1.1903596189690935 7.373932993665391, 0.3458964281105944 7.335548303171823, 0.345668777096404 7.3355268334225805, 0.3457304603517633 7.3353066491579115, 0.3839806137154383 7.220556189066888, 0.3840683781103894 7.220331021243232, 0.3843088103881295 7.220306619242324, 1.123487798397206 7.182400004472628, 1.124495153124592 7.182297009308266, 1.125486927308224 7.182092667635205, 1.1264529515777768 7.181789074714827, 1.127383320595217 7.181389343502566, 1.1282684946213244 7.180897572728553, 1.1290993973334609 7.180318804870399, 1.1298675088916028 7.179658974449065, 1.1305649532983553 7.178924847177976, 1.1311845791571897 7.1781239505893115, 1.1317200330008295 7.177264496848847, 1.1321658244378943 7.176355298550725, 1.1325173824498138 7.175405678355634, 1.1327711022607492 7.174425373398894, 1.132924382299941 7.173424435448644, 1.1329756508774744 7.172413127837861, 1.1329756508774744 5.841847184212753, 1.1329274981441964 5.840867012809458, 1.1327835036815068 5.8398962809925905, 1.1325450542347966 5.838944337440208, 1.1322144462025874 5.838020349889101, 1.131794863520958 5.837133216844492, 1.1312903470005 5.836291481882556, 1.130705755411102 5.835503251371116, 1.13004671868934 5.834776116400888, 1.0782956516650595 5.783025049376606, 1.0775685166948306 5.782366012654844, 1.0767802861833902 5.781781421065446, 1.075938551221454 5.781276904544988, 1.075051418176845 5.780857321863358, 1.0741274306257387 5.780526713831151, 1.0731754870733552 5.780288264384439, 1.0722047552564895 5.78014426992175, 1.071224583853194 5.780096117188472, -1.032818629586161 5.780096117188472, -1.0337988009894568 5.78014426992175, -1.0347695328063222 5.780288264384439, -1.0357214763587057 5.780526713831151, -1.036645463909812 5.780857321863358, -1.0375325969544211 5.781276904544988, -1.0383743319163572 5.781781421065446, -1.0391625624277976 5.782366012654844, -1.0398896973980265 5.783025049376606, -1.091640764422307 5.834776116400888, -1.092299801144069 5.835503251371116, -1.092884392733467 5.836291481882556, -1.093388909253925 5.837133216844492, -1.0938084919355544 5.838020349889101, -1.0941390999677638 5.838944337440208, -1.0943775494144738 5.8398962809925905, -1.0945215438771634 5.840867012809458, -1.0945696966104415 5.841847184212753, -1.0945696966104415 6.912830897792256, -1.0945807879743465 6.9130609994294066, -1.0948104617968417 6.913078878623392, -1.6992796601611078 6.930930765865111, -1.73774969522203 6.932003635368803, -1.7387108538960754 6.932076918475217, -1.739660491140969 6.932242404164898, -1.7405897829615196 6.9324985547507545, -1.7414900944114895 6.93284299009074, -1.7423530598292025 6.933272509704039, -1.7431706605709754 6.9337831225098245, -1.743935299520063 6.934370083912231, -1.7446398716787994 6.935027939886978, -1.7452778301879766 6.935750577659966, -1.745843247160027 6.936531282506943, -1.7463308687607435 6.9373628001464995, -1.746736164027716 6.938237404146574, -1.7470553669718716 6.9391469677181945, -1.747285511570912 6.940083039229305, -1.7474244593294843 6.941036920737021, -1.7474709191500033 6.941999748808619, -1.7474709191500033 8.631419073907095, -1.7474232533055074 8.6323942891947, -1.7472807101785663 8.633360207590258, -1.7470446486568851 8.634307620830558, -1.7467173191548195 8.635227497065165, -1.7463018421597991 8.636111066958565, -1.7458021784841913 8.63694990728973, -1.7452230915062075 8.637736021252108, -1.744570101759817 8.638461914688518, -1.7438494343065611 8.63912066753423, -1.7430679593909923 8.6397059997871, -1.7422331269454707 8.640212331375904, -1.741352895568702 8.640634835356082, -1.7404356566550712 8.640969483925833, -1.7394901543980632 8.64121308682382, -1.7385254024303884 8.64136332174247, -1.7375505978955 8.641418756466932, -1.699277381401515 8.641723722335408, -1.6992655116384734 8.641723809870024, 0.1697543399672987 8.65439773468323, 1.0711848766244783 8.66051431169193, 1.0721737981026649 8.660472033144964, 1.073153695378887 8.660332195762246, 1.0741149678785613 8.660096169604962, 1.075048197503943 8.659766267146859, 1.0759442409082351 8.659345720617711, 1.07679431907782 8.658838650335454, 1.0775901033449207 8.658250024337228, 1.0783237969879902 8.657585609704885, 1.13004671868934 8.605862688003535, 1.1307057554111015 8.605135553033305, 1.1312903470004996 8.604347322521866, 1.1317948635209578 8.60350558755993, 1.1322144462025872 8.602618454515321, 1.1325450542347966 8.601694466964213, 1.1327835036815068 8.60074252341183, 1.1329274981441964 8.599771791594964, 1.1329756508774744 8.598791620191669, 1.1329756508774744 8.06549569539644, 1.132987226623681 8.065259885918856, 1.1332161866499677 8.065202288922439, 1.3247681937006204 8.026891887512308, 1.3249947007092775 8.026857881413083, 1.325011871295037 8.0270862823998, 1.363404811830471 9.466821552478573, 1.363399461793053 9.467058427479186, 1.3631709788403108 9.467121148521278, 1.1908296730868606 9.50541921646649, 1.1905884977932197 9.505460234985055, 1.1904070493235364 9.505296148136187, 1.1331492358490882 9.44803833466174, 1.1329874703280896 9.447859853913384, 1.1329756508774744 9.44761926346904, 1.1329756508774744 8.897158752705648, 1.1329250416282697 8.896153952383202, 1.1327737261398767 8.89515932249874, 1.1325232360049473 8.894184930546599, 1.1321761066470142 8.893240639175804, 1.1317358516573135 8.89233600636182, 1.1312069272307428 8.891480188662149, 1.1305946870609251 8.890681848535039, 1.129905328150926 8.889949066659376, 1.1291458280881186 8.889289260143276, 1.1283238744180932 8.888709107449214, 1.1274477868324742 8.888214480795648, 1.019869244256375 8.834425209507598, 1.019021820673851 8.834049531835285, 1.0181432513717856 8.83375393680292, 1.017241085548644 8.833540964341681, 1.0163230751584627 8.83341244443968, 1.0153971083013753 8.833369481417597, -1.7183357378449768 8.833369481417597, -1.7193116779974984 8.83341721831724, -1.7202783004785958 8.833559973253857, -1.7212263765761944 8.833796383291828, -1.722146854647589 8.834124191334704, -1.7230309465389155 8.834540267674553, -1.7238702114889954 8.83504063987248, -1.7246566367164893 8.835620530685006, -1.7253827139209645 8.836274403674228, -1.7260415109674925 8.836996016066289, -1.726626738070374 8.837778478353526, -1.7271328078441124 8.838614320071196, -1.727554888648308 8.839495561120865, -1.7278889507171624 8.84041378795942, -1.7281318046331842 8.841360233926375, -1.7282811317777698 8.8423258629425, -1.7283355064679364 8.843301455780706, -1.7474424705511002 11.652025176005768, -1.7474002071288166 11.653014119759817, -1.7472603804742999 11.653994040395496, -1.7470243606034428 11.654955336690138, -1.7466944600293695 11.65588858990163, -1.7462739111045296 11.656784656052848, -1.7457668343502375 11.657634755523965, -1.7451781980839725 11.658430559074832, -1.7445137697400057 11.659164269454525, -1.6992714465448768 11.704406592649654, -1.692846484587928 11.710831554606601, -1.6921064149295895 11.711501188467068, -1.6913032814005413 11.712093716222363, -1.6904450841151109 11.712603235628817, -1.6895403716846447 11.713024671299394, -1.6885981560637136 11.713353825260251, -1.687627822780896 11.713587418767291, -1.6866390374483453 11.713723124966144, -1.685641649481407 11.713759592070254, -1.517609991034698 11.711511676573231, -1.3063769391331297 11.70863122535635, -0.8660510847077945 11.702486252529901, -0.5200141007162403 11.697877545590261, -0.1171369932307091 11.692308700647935, 0.1697571890043184 11.688276053149226, 0.4973575973942054 11.68385940046764, 1.0064316879258748 11.676946283021593, 1.10404634667579 11.675549293272041, 1.1050085594084864 11.675489043859976, 1.1059604984616815 11.675336415639718, 1.106893315720521 11.67509282726514, 1.1077983408040402 11.674760542849587, 1.1086671616549144 11.67434265092133, 1.1094917027281272 11.673843035716196, 1.1102643000518158 11.673266341074251, 1.1109777724626129 11.672617927276086, 1.111625488353363 11.671903821219898, 1.1122014273128056 11.671130660402463, 1.1127002360842955 11.670305631224736, 1.11311727832343 11.669436402195425, 1.1134486776920982 11.6685310526535, 1.113691353888397 11.667597997672074, 1.1138430512775248 11.666645909841698, 1.1139023598575306 11.665683638660088, 1.1329724579395386 10.235426282509486, 1.1329869228270846 10.235190307233523, 1.1331084969318945 10.234987543082674, 1.1712452887452587 10.17778235536263, 1.1713879073430478 10.177589656529449, 1.1716273530281212 10.177577880763756, 1.2863539817245195 10.177577880763756, 1.2865945721688645 10.177589700214371, 1.2867730529172139 10.177751465735362, 1.3632407791877592 10.254219192005907, 1.3634000161981357 10.254394585057131, 1.3634146364658621 10.254631028275833, 1.3824810444618105 11.665545219976014, 1.38254149940435 11.666516258032773, 1.3826960304277816 11.667476825505965, 1.3829431747882486 11.66841782995486, 1.3832805930921002 11.669330364116398, 1.383705091439884 11.670205790218638, 1.38421265165883 11.671035821743278, 1.384798469337657 11.67181260186334, 1.3854569993036743 11.672528777813518, 1.3861820081117076 11.673177570489203, 1.3869666330480008 11.67375283861547, 1.3878034470905882 11.674249136878496, 1.3886845292112318 11.67466176746926, 1.389601539353478 11.674986824551585, 1.3905457973771025 11.6752212312336, 1.391508365221691 11.675362768692658, 1.39248013151161 11.675410097178045, 2.8705359870100478 11.675410097178045, 2.8715105716688245 11.675362493107812, 2.872475877488292 11.675220134126619, 2.8734227139712467 11.67498437560785, 2.8743420664636012 11.674657462164527, 2.875225181981233 11.674242506278748, 2.8760636525455183 11.67374345866834, 2.8768494952341297 11.673165070672804, 2.877575228184961 11.672512849016691, 2.8782339418295386 11.671793003381104, 2.878819364677743 11.671012387282486, 2.8793259230274995 11.670178432821547, 2.879748794030954 11.66929907992364, 2.8800839516119194 11.668382700744178, 2.88032820479739 11.667438019958935, 2.8804792280982072 11.666474031697991, 2.880535583649607 11.665499913914326, 2.9380533498597896 5.2618552758472745, 2.938066435930704 5.261625470886419, 2.938293189749398 5.261585920020567, 3.0480331276618786 5.2478206316413, 3.0482688085925376 5.247802942782755, 3.0482805901744126 5.248038992758669, 3.0482805901744126 5.746437450755064, 3.0482687707237974 5.7466780411994085, 3.048107005202784 5.746856521947783, 3.0178405034724203 5.777123023678145, 3.0171730378246497 5.777860443260586, 3.0165821293360637 5.778660521500284, 3.0160736238527086 5.7795153432389625, 3.015652552009321 5.7804164517419885, 3.015323079461359 5.78135493236068, 3.015088465674253 5.782321500724749, 3.0149510316775805 5.783306594592398, 3.014912137103167 5.784300468449384, 3.030026926561016 7.205090677487205, 3.0300871053752356 7.206084847097305, 3.0302458810762447 7.207068099343727, 3.0305016786174996 7.208030680416269, 3.0308519605009394 7.208963041561673, 3.0312932519488336 7.209855933806762, 3.0318211753733935 7.210700499707759, 3.032430493802209 7.211488361215659, 3.03311516282874 7.212211702786037, 3.0338683905725086 7.212863348908823, 3.034682705054192 7.213436835288999, 3.035550028317264 7.213926472972045, 3.036461756560894 7.214327404778084, 3.037408845489196 7.214635653484834, 3.038381900030167 7.214848161281451, 3.039371267534298 7.214962820101849, 3.0403671335283526 7.214978492536602, 3.0413596190744174 7.214895023115989, 3.0423388787684447 7.214713239852239, 3.043295198406138 7.214434946025701, 3.0442190913473435 7.214062902296394, 3.0451013926230206 7.213600799318408, 3.045933349851247 7.213053221128806, 3.046706710060385 7.212425599674228, 3.0474138015581227 7.211724160926258, 3.0480476100342546 7.210955863120124, 3.048601848142267 7.210128327729369, 3.049071017869487 7.209249763861237, 3.049450465077069 7.208328886822766, 3.0497364256688133 7.207374831665401, 3.049926062930794 7.206397062565769, 3.0500174956714194 7.2054052789415515, 3.1108722497804027 5.761131559490005, 3.1108927442829244 5.760904019299549, 3.111120926252559 5.760892725423314, 12.16336066968211 5.745164044085464, 12.16433967538323 5.7451142965969, 12.165309106589262 5.744968934592883, 12.16625964777424 5.744729354896124, 12.167182164931507 5.744397859692555, 12.168067793344846 5.743977634409007, 12.168908022771925 5.743472717103593, 12.169694779221532 5.742887959662901, 12.170420502538706 5.7422289811789184, 12.171078219052326 5.741502113953661, 12.171661608586994 5.740714342650374, 12.172165065195294 5.739873237176014, 12.172583751026872 5.738986879939976, 12.172913642816628 5.73806378818804, 12.173151570545365 5.737112832157859, 12.173295247901358 5.736143149842449, 12.17334329425013 5.735164059180757, 12.17334329425013 5.600602309160784, 12.173354839882123 5.600367839148262, 12.17358935054698 5.600357151002683, 13.538675376247188 5.605349026731476, 14.0716191710152 5.607254438940159, 14.072603957289903 5.607209367724728, 14.0735795205169 5.60706755160632, 14.074536379827187 5.606830368804207, 14.075465236123058 5.606500124344875, 14.076357062450022 5.606080027660953, 14.077203191723928 5.605574161400823, 14.077995400960791 5.604987441751981, 14.07872599119063 5.6043255706638035, 14.149665215213538 5.53338634664089, 14.1503242519353 5.532659211670662, 14.150908843524698 5.531870981159222, 14.151413360045158 5.531029246197285, 14.151832942726784 5.530142113152675, 14.152163550758994 5.52921812560157, 14.152402000205706 5.528266182049187, 14.152545994668396 5.52729545023232, 14.152594147401672 5.526315278829025, 14.152594147401672 3.729519699525936, 14.152545994668396 3.7285395281226403, 14.152402000205706 3.7275687963057744, 14.152163550758994 3.7266168527533914, 14.151832942726784 3.7256928652022854, 14.151413360045158 3.724805732157676, 14.150908843524698 3.7239639971957406, 14.1503242519353 3.7231757666842995, 14.149665215213538 3.7224486317140704, 14.09791414818926 3.6706975646897897, 14.097187013219028 3.670038527968028, 14.096398782707588 3.669453936378629, 14.095557047745652 3.6689494198581714, 14.094669914701043 3.6685298371765422, 14.093745927149937 3.6681992291443324, 14.092793983597552 3.6679607796976224, 14.091823251780689 3.667816785234933, 14.090843080377391 3.6677686325016547, 13.691968182418368 3.6677686325016547, 13.691727591974024 3.6677568130510396, 13.691549111225672 3.6675950475300483, 13.640246469395032 3.616292405699411, 13.639541839298495 3.6156518932052153, 13.638779480902272 3.615081306223351, 13.637966306966044 3.614585818607356, 13.6371096910244 3.6141699232398845, 13.636217400526576 3.6138373912930564, 13.635297526404361 3.61359123803298, 13.634358409706767 3.6134336954785358, 13.63340856596674 3.613366192162318, 13.632456607985752 3.613389340177281, 13.631511167736349 3.6135029296265246, 13.63058081809092 3.613705930526554, 13.629673995086305 3.613996502146757, 13.628798921429226 3.614372009700409, 13.627963531936068 3.6148290482358614, 13.627175401583168 3.6153634735112763, 13.557485746099145 3.667630715124293, 13.557298553951405 3.667758211475913, 13.557071993967055 3.6677686325016547, 12.173588780471219 3.6677686325016547, 12.173354789489913 3.667757137261869, 12.17334329425013 3.6675231462805677, 12.17334329425013 3.4375783931205435, 12.173354789489913 3.4373444021392423, 12.173588780471219 3.4373329068994565, 12.462473664814404 3.4373329068994565, 12.462727944010751 3.4373460616613367, 12.462942505553881 3.4374831539720705, 12.588748937522496 3.52734489109251, 12.589592003599856 3.5278854535845605, 12.590484910335975 3.5283389795256115, 12.591418702160068 3.5287009201946087, 12.592384013436906 3.528967645441673, 12.593371162401173 3.529136480097345, 12.594370248262493 3.529205730803686, 12.595371250507192 3.5291747029981204, 12.596364129400891 3.5290437078796764, 12.59733892668384 3.528814059287761, 12.598285865449093 3.528488060524765, 12.599195448201783 3.528068981254674, 12.600058552115982 3.527561024709379, 12.600866520533735 3.5269692855315924, 12.601611249788593 3.5262996986772053, 12.602285270482822 3.525558979889563, 12.602881822403065 3.5247545583426945, 12.635422637454612 3.4759433357653755, 12.635565256052411 3.4757506369321804, 12.635804701737468 3.4757388611664894, 12.712130615071258 3.4757388611664894, 12.712362816134743 3.475750024746457, 12.712446835260184 3.475966779783238, 12.726457166785435 3.5179977743589874, 12.726807527887761 3.5189005774629942, 12.727243571403221 3.5197652579815983, 12.727761208088047 3.5205837068860193, 12.728355583512561 3.521348248710487, 12.729021123586309 3.5220517135332496, 12.729751586832236 3.522687504216552, 12.730540122919667 3.5232496582750152, 12.731379336907127 3.5237329037922027, 12.732261358592579 3.5241327088609817, 12.733177916320678 3.524445324084045, 12.734120414554878 3.52466781773599, 12.735080014486924 3.5247981032572278, 12.73604771692775 3.524834958821871, 12.73701444670245 3.524778038796096, 12.737971137757842 3.5246278769795163, 12.738908818184493 3.524385881599178, 12.739818694355847 3.5240543221031175, 12.740692233395425 3.5236363078773305, 12.741521243198676 3.5231357590857573, 12.742297949259044 3.522557369906732, 12.743015067577804 3.5219065645106853, 12.827411293328034 3.4375103387604584, 12.827590752046579 3.4373480419543188, 12.827806590440225 3.437457401328709, 12.958520911224372 3.5121512989196506, 12.959371573173 3.5125848929456946, 12.960259709726834 3.512935382591775, 12.961177224370779 3.5131995726907777, 12.962115752770394 3.513375054807744, 12.963066739023644 3.5134602291958745, 12.964021513659013 3.5134543193802963, 12.964971372668977 3.5133573792366324, 12.965907656858304 3.5131702924998587, 13.269020520642512 3.437392076553807, 13.269258376306931 3.4373448021361086, 13.269500884288334 3.4373445440319617, 13.538675984304001 3.450198949884059, 14.075545696599372 3.475727613357525, 14.075773284550449 3.4757492692265375, 14.075828681039205 3.4759710720244734, 14.08626375800863 3.52814645687161, 14.086508450817062 3.529115329660682, 14.086848619862621 3.5300549434496094, 14.087280868254465 3.5309559153579673, 14.087800879607475 3.5318092483789174, 14.088403461145203 3.5326064212223374, 14.089082595554396 3.5333394734074868, 14.08983150107319 3.5340010847555003, 14.090642699213067 3.5345846484878907, 14.09150808943821 3.535084337201116, 14.092419030056579 3.535495161058392, 14.09336642451489 3.5358130176176568, 14.094340812235798 3.536034732798109, 14.095332463090202 3.5361580925762315, 14.096331474561238 3.5361818650947834, 14.09732787062973 3.536105812963999, 14.098311701393621 3.535930695632128, 14.099273142426615 3.535658261801677, 14.100202592883818 3.535291231967048, 14.101090771374718 3.534833271247989, 14.101928808646148 3.534288952790101, 14.10270833614966 3.533663712097913, 14.10342156960895 3.532963792756524, 14.104061386752779 3.53219618408385, 14.104621398437196 3.5313685513360578, 14.10509601244683 3.5304891591631575, 14.105480489338143 3.5295667890791096, 14.105770989766993 3.5286106517705913, 14.152232283119984 3.342765478358628, 14.152424117787106 3.3417973156884493, 14.15251957830441 3.340814957920082, 14.152517734753298 3.3398279745885326, 14.114200559688847 2.592643060831696, 14.114199848991383 2.5924024417462586, 14.114222341398573 2.5921628751772063, 14.190965271098433 2.0549623672781983, 14.191009689903282 2.0547328215234786, 14.191239004462062 2.054778418857436, 14.272971739883122 2.0752594556022927, 14.27302184792856 2.0752718745785845, 14.292610424503819 2.0800731510667876, 14.344381265078631 2.09306362028851, 14.34461293018033 2.093134236082349, 14.344654949257013 2.0933727517146914, 14.362721809681839 2.2379076351132996, 14.362888665388823 2.2388631851339458, 14.363147316202086 2.2397980735902383, 14.363495328433011 2.2407035039608556, 14.363929427576508 2.2415709569005156, 14.364445529121378 2.242392270399914, 14.365038776982153 2.243159716583431, 14.365703589190828 2.243866074422001, 14.366433710418509 2.2445046976769785, 14.367222270832864 2.245069577435707, 14.368061850737513 2.2455553986503745, 14.368944550385178 2.245957590148194, 14.369862064307746 2.2462723676423204, 14.37080575946377 2.246496769338842, 14.371766756468231 2.24662868380479, 14.372736013140125 2.2466668698349666, 14.699882106973844 2.2436758217704376, 14.94779181976204 2.2415634992957694, 15.438618195872492 2.2371468299374215, 15.648890798909182 2.235226532283462, 16.417205391485435 2.228313425779859, 16.485455633042886 2.227642661735069, 16.486429177167086 2.2275855388782313, 16.48739252773948 2.227433858763504, 16.48833652280306 2.2271890639464114, 16.48925218448161 2.226853482550956, 16.490130804363904 2.2264303061279684, 16.49096402632517 2.2259235593018234, 16.49174392599808 2.2253380614942033, 16.492463086137583 2.224679381088931, 16.49311466716266 2.223953782473791, 16.493692472204273 2.2231681664629916, 16.49419100604074 2.2223300046668952, 16.49460552736011 2.221447268433174, 16.49493209385248 2.2205283530352182, 16.49516759970336 2.219581997828786, 16.495309805131566 2.21861720313626, 16.49535735769069 2.2176431446489717, 16.49535735769069 -0.5290073915098107, 16.49531199788358 -0.5299587792488767, 16.49517632996468 -0.5309015360350771, 16.494951584708108 -0.5318271092152176, 16.494639800994168 -0.5327271020251152, 16.49424380731268 -0.5335933497647191, 16.49376719610305 -0.5344179938679539, 16.49321429116378 -0.5351935531953287, 16.492590108427155 -0.5359129919025457, 16.491900310454874 -0.5365697832694077, 16.491151155067538 -0.5371579689099728, 16.49034943857391 -0.5376722128268009, 16.4895024341151 -0.5381078498189175, 16.488617825682876 -0.5384609278043362, 16.487703638410814 -0.5387282436731946, 16.486768165770574 -0.5389073723462432, 16.417206294335593 -0.5488203663099512, 16.417196186446365 -0.5488218014821458, 15.648889699135385 -0.6575099974251526, 15.438615991256809 -0.6872747683747154, 14.947786934562936 -0.7565976528611632, 14.69987826490654 -0.7917388506962167, 14.46153151170256 -0.8254887509498998, 14.460409241419567 -0.8255836073142624, 14.459283422618004 -0.8255516644903635, 14.458168336177852 -0.825393327669193, 14.371865734518975 -0.8081328073374174, 14.370914755674978 -0.807893579879425, 14.369991779695566 -0.8075623611000471, 14.369105681830426 -0.8071423359677274, 14.368264982712791 -0.8066375434043973, 14.36747776642583 -0.8060528374475843, 14.36675160276688 -0.8053938405744463, 14.366093474456978 -0.8046668896365635, 14.365509709995676 -0.8038789749253739, 14.365005922806809 -0.8030376729541902, 14.364586957260313 -0.802151073603167, 14.364256842089242 -0.8012277023277767, 14.36401875164985 -0.800276438178838, 14.363874975397275 -0.7993064284224021, 14.363826895870355 -0.7983270005805081, 14.363826895870355 -0.6339437316271322, 14.36381507641974 -0.6337031411827887, 14.36365331089875 -0.6335246604344391, 14.292583850705007 -0.5624552002406981, 14.287188572307919 -0.5570599218436073, 14.287010091559546 -0.5568981563225942, 14.286769501115202 -0.556886336871979, 14.191240006617797 -0.556886336871979, 14.191010723142092 -0.5568973444554391, 14.190991539093895 -0.5571260889666886, 14.15273457672668 -1.6283210352487665, 14.152657328307905 -1.62925462574464, 14.152493057849263 -1.630176891296749, 14.15224320692018 -1.6310797384850504, 14.151909968108797 -1.6319552442970116, 14.15149626578074 -1.6327957256566792, 14.151005730416086 -1.6335938068481708, 14.15044266674978 -1.6343424842418957, 14.14981201599507 -1.6350351877555078, 14.097962878216528 -1.6868843255340513, 14.097224396612095 -1.6875526602782895, 14.096423094080018 -1.6881442181051611, 14.095566919753049 -1.68865313060479, 14.094664367106626 -1.6890743492307743, 14.093724389701372 -1.6894036953830984, 14.092756312361395 -1.6896379018609489, 14.091769738669587 -1.6897746452742113, 14.090774455697522 -1.6898125690921106, 13.538674578188221 -1.6833329709134508, 12.173590610238268 -1.6672053966085583, 12.1733549525771 -1.6672142716079827, 12.17334329425013 -1.6674498079794913, 12.17334329425013 -1.8313325607010016, 12.17335495833564 -1.8315681513799635, 12.173590674042595 -1.8315769334292715, 12.76576614975366 -1.8243343624357018, 12.766762066604437 -1.8243718484199363, 12.76774930616075 -1.824508280201895, 12.768718062610688 -1.8247423026653011, 12.769658713726828 -1.8250715913689946, 12.77056191643954 -1.8254928756345767, 12.771418699637548 -1.8260019710326028, 12.77222055327399 -1.826593820944661, 12.772959512892934 -1.8272625467885182, 12.824659793000903 -1.878962826896485, 12.825318829722665 -1.8796899618667144, 12.825903421312061 -1.8804781923781548, 12.82640793783252 -1.881319927340091, 12.826827520514147 -1.8822070603847, 12.827158128546357 -1.883131047935806, 12.827396577993069 -1.8840829914881896, 12.827540572455758 -1.8850537233050553, 12.827588725189035 -1.8860338947083506, 12.827588725189035 -2.655079847219196, 12.82753823532674 -2.6560834646860223, 12.82738727558509 -2.6570769476513094, 12.827137370351403 -2.6580502639514347, 12.826791043161846 -2.658993585065206, 12.826351791218839 -2.6598973853619956, 12.825824050076404 -2.6607525382912987, 12.825213148850063 -2.6615504085423862, 12.824525256403579 -2.662282939243437, 12.823767319055925 -2.662942733319607, 12.82294699043757 -2.6635231281884844, 12.822072554204306 -2.6640182630386704, 12.821152840389132 -2.6644231380120824, 12.820197136236828 -2.66473366469239, 12.819215092421604 -2.664946707389728, 12.818216625594852 -2.665060114804806, 12.817211818247097 -2.665072741752669, 12.816210816895262 -2.6649844607267466, 12.81522372962343 -2.664796163186406, 12.814260524011685 -2.664509750555025, 12.502273894466061 -2.5543968224800992, 12.50117014508288 -2.5539311711615316, 12.500129998349685 -2.5533368744134433, 12.173547811351519 -2.3398244428434647, 12.173354251974377 -2.339710989608555, 12.17334329425013 -2.3399350806554007, 12.17334329425013 -2.5934991620437593, 12.173355145825017 -2.593738965584024, 12.173561842542668 -2.593861123942979, 12.462484535697827 -2.7458954276404186, 12.462737863220301 -2.746011133295381, 12.463002526539698 -2.746097827929523, 12.727262183035764 -2.8165670696618075, 12.728199055770142 -2.8168669769036256, 12.729101929255174 -2.817257482145773, 12.729962066610998 -2.81773480656714, 12.730771144504542 -2.8182943312192332, 12.731521333692312 -2.8189306417225795, 12.732205374782033 -2.819637580660317, 12.732816648479954 -2.820408307161969, 12.733349239644085 -2.8212353631008322, 12.733797994523549 -2.8221107452643897, 12.734158570630129 -2.8230259827993933, 12.734427478759443 -2.8239722191821786, 12.734602116755092 -2.8249402979210183, 12.734680794689062 -2.8259208511611966, 12.734662751214763 -2.8269043903353794, 12.73454816093436 -2.827881397982102, 12.734338132709201 -2.828842419843849, 12.734034698929655 -2.8297781563535285, 12.733640795848164 -2.8306795526240496, 12.733160235165876 -2.831537886070185, 12.732597667147765 -2.832344850814841, 12.731958535623196 -2.8330926380629404, 12.731249025307347 -2.833774011665172, 12.730476001953265 -2.834382378140388, 12.729646945913728 -2.834911850479065, 12.61895432565609 -2.8981647763405736, 12.618090788787496 -2.898604165174383, 12.617188782981302 -2.898957922147866, 12.616256775893419 -2.899222726337469, 12.615303516819331 -2.899396091871431, 12.614337954559346 -2.8994763912661172, 12.613369153410966 -2.8994628707041574, 12.309361101022873 -2.8804623674299017, 12.309115300995362 -2.880459471941513, 12.308982694590995 -2.8806664540153903, 12.235750289937224 -3.008823162159489, 12.235203725261227 -3.0096762093181484, 12.234573652226524 -3.0104695757977074, 12.233866538043886 -3.011195118306907, 12.233089640691672 -3.0118453897149107, 12.23225093441833 -3.012413715490327, 12.23135902789292 -3.0128942622100925, 12.230423075843804 -3.0132820974350327, 12.22945268509247 -3.0135732403375233, 12.228457815946955 -3.013764702561599, 12.227448679967019 -3.0138545188961032, 12.226435635150404 -3.0138417674460602, 12.225429079616035 -3.0137265790952092, 12.173348629460436 -3.0050747779292952, 12.173337960002087 -3.005072999548389, 12.120236317899852 -2.996192520152452, 12.119228237840046 -2.9959699041713965, 12.118248481273831 -2.9956445422913838, 12.117307490282899 -2.9952199021649366, 12.116415293791917 -2.994700509535531, 12.115581400681926 -2.994091900002981, 12.114814698446281 -2.9934005600259357, 12.002031292767038 -2.8806171543466945, 12.001864119066477 -2.8804653784567353, 12.00176088152574 -2.8806661892560577, 11.905948195811352 -3.0914540978277154, 11.905863364089242 -3.091668253588262, 11.906093175303184 -3.0916839352695593, 12.173344279093115 -3.096672110738641, 12.942555879283356 -3.110877665621115, 12.94279660496085 -3.1108700382765395, 12.942852798608596 -3.110635838997864, 12.998886060393904 -2.81179177614291, 12.999116223963055 -2.810829723248487, 12.999440311444737 -2.809895117264956, 12.999855151574742 -2.8089971035085086, 13.000356685055127 -2.8081444692326976, 13.000940004275254 -2.807345557643306, 13.001599401333824 -2.8066081862583303, 13.002328423891882 -2.8059395704119163, 13.00311993831031 -2.8053462526508, 13.003966199453982 -2.8048340387141093, 13.00485892647956 -2.8044079407229856, 13.005789383865261 -2.8040721281359247, 13.006748466889796 -2.8038298869497456, 13.007726790723977 -2.8036835875454234, 13.008714782263247 -2.803634661493412, 14.065782238867607 -2.803634661493412, 14.066762410270904 -2.80368281422669, 14.06773314208777 -2.8038268086893794, 14.068685085640153 -2.80406525813609, 14.069609073191257 -2.8043958661682993, 14.070496206235868 -2.804815448849928, 14.071337941197806 -2.8053199653703866, 14.072126171709243 -2.8059045569597845, 14.072853306679475 -2.8065635936815463, 14.073512343401234 -2.8072907286517754, 14.074096934990633 -2.8080789591632156, 14.074601451511093 -2.808920694125152, 14.07502103419272 -2.8098078271697613, 14.075351642224929 -2.8107318147208673, 14.075590091671641 -2.811683758273251, 14.07573408613433 -2.8126544900901163, 14.075782238867607 -2.8136346614934116, 14.075782238867607 -3.030098959895802, 14.075737611216312 -3.031042655502798, 14.075604126587875 -3.031977928126098, 14.075382976403388 -3.032896429961602, 14.075076134545515 -3.033789962893385, 14.074686339740545 -3.0346505516662257, 14.074217071113797 -3.035470515068992))
