time_s,agent_id,source,current_exit,current_fed,route_rank,exit_id,path,path_length_m,k_ave_route,travel_time_s,fed_max_route,composite_cost,rejected,rejection_reason,queue_time_s,exit_count,exit_capacity
6.0,1,jps-checkpoints_0,exit_B_right,0.0,1,exit_B_right,jps-checkpoints_0 > exit_B_right,11.0,0.0,8.461538461538462,0.0,11.0,False,,0.0,4,1.3
6.0,1,jps-checkpoints_0,exit_B_right,0.0,2,exit_A_left,jps-checkpoints_0 > exit_A_left,18.0,0.0,13.846153846153845,0.0,18.0,False,,0.0,0,1.3
8.0,2,jps-checkpoints_0,exit_B_right,0.0,1,exit_B_right,jps-checkpoints_0 > exit_B_right,11.0,0.0,8.461538461538462,0.0,11.0,False,,0.0,5,1.3
8.0,2,jps-checkpoints_0,exit_B_right,0.0,2,exit_A_left,jps-checkpoints_0 > exit_A_left,18.0,0.0,13.846153846153845,0.0,18.0,False,,0.0,0,1.3
10.0,4,jps-checkpoints_0,exit_B_right,0.0,1,exit_B_right,jps-checkpoints_0 > exit_B_right,11.0,0.0,8.461538461538462,0.0,11.0,False,,0.0,6,1.3
10.0,4,jps-checkpoints_0,exit_B_right,0.0,2,exit_A_left,jps-checkpoints_0 > exit_A_left,18.0,0.0,13.846153846153845,0.0,18.0,False,,0.0,0,1.3
13.0,3,jps-checkpoints_0,exit_B_right,0.0,1,exit_B_right,jps-checkpoints_0 > exit_B_right,11.0,0.0,8.461538461538462,0.0,11.0,False,,0.0,7,1.3
13.0,3,jps-checkpoints_0,exit_B_right,0.0,2,exit_A_left,jps-checkpoints_0 > exit_A_left,18.0,0.0,13.846153846153845,0.0,18.0,False,,0.0,0,1.3
13.0,5,jps-checkpoints_0,exit_B_right,0.0,1,exit_B_right,jps-checkpoints_0 > exit_B_right,11.0,0.0,8.461538461538462,0.0,11.0,False,,0.0,7,1.3
13.0,5,jps-checkpoints_0,exit_B_right,0.0,2,exit_A_left,jps-checkpoints_0 > exit_A_left,18.0,0.0,13.846153846153845,0.0,18.0,False,,0.0,0,1.3
13.0,6,jps-checkpoints_0,exit_B_right,0.0,1,exit_B_right,jps-checkpoints_0 > exit_B_right,11.0,0.0,8.461538461538462,0.0,11.0,False,,0.0,7,1.3
13.0,6,jps-checkpoints_0,exit_B_right,0.0,2,exit_A_left,jps-checkpoints_0 > exit_A_left,18.0,0.0,13.846153846153845,0.0,18.0,False,,0.0,0,1.3
20.0,7,jps-checkpoints_0,exit_B_right,0.0,1,exit_B_right,jps-checkpoints_0 > exit_B_right,11.0,0.0,8.461538461538462,0.0,11.0,False,,0.0,7,1.3
20.0,7,jps-checkpoints_0,exit_B_right,0.0,2,exit_A_left,jps-checkpoints_0 > exit_A_left,18.0,0.0,13.846153846153845,0.0,18.0,False,,0.0,0,1.3
23.0,8,jps-checkpoints_0,exit_B_right,0.0,1,exit_B_right,jps-checkpoints_0 > exit_B_right,11.0,0.0,8.461538461538462,0.0,11.0,False,,0.0,6,1.3
23.0,8,jps-checkpoints_0,exit_B_right,0.0,2,exit_A_left,jps-checkpoints_0 > exit_A_left,18.0,0.0,13.846153846153845,0.0,18.0,False,,0.0,0,1.3
23.0,9,jps-checkpoints_0,exit_B_right,0.0,1,exit_B_right,jps-checkpoints_0 > exit_B_right,11.0,0.0,8.461538461538462,0.0,11.0,False,,0.0,6,1.3
23.0,9,jps-checkpoints_0,exit_B_right,0.0,2,exit_A_left,jps-checkpoints_0 > exit_A_left,18.0,0.0,13.846153846153845,0.0,18.0,False,,0.0,0,1.3
23.0,11,jps-checkpoints_0,exit_B_right,0.0,1,exit_B_right,jps-checkpoints_0 > exit_B_right,11.0,0.0,8.461538461538462,0.0,11.0,False,,0.0,6,1.3
23.0,11,jps-checkpoints_0,exit_B_right,0.0,2,exit_A_left,jps-checkpoints_0 > exit_A_left,18.0,0.0,13.846153846153845,0.0,18.0,False,,0.0,0,1.3
26.0,12,jps-checkpoints_0,exit_B_right,0.0,1,exit_B_right,jps-checkpoints_0 > exit_B_right,11.0,0.0,8.461538461538462,0.0,11.0,False,,0.0,8,1.3
26.0,12,jps-checkpoints_0,exit_B_right,0.0,2,exit_A_left,jps-checkpoints_0 > exit_A_left,18.0,0.0,13.846153846153845,0.0,18.0,False,,0.0,0,1.3
27.0,10,jps-checkpoints_0,exit_B_right,0.0,1,exit_B_right,jps-checkpoints_0 > exit_B_right,11.0,0.0,8.461538461538462,0.0,11.0,False,,0.0,8,1.3
27.0,10,jps-checkpoints_0,exit_B_right,0.0,2,exit_A_left,jps-checkpoints_0 > exit_A_left,18.0,0.0,13.846153846153845,0.0,18.0,False,,0.0,0,1.3
27.0,13,jps-checkpoints_0,exit_B_right,0.0,1,exit_B_right,jps-checkpoints_0 > exit_B_right,11.0,0.0,8.461538461538462,0.0,11.0,False,,0.0,8,1.3
27.0,13,jps-checkpoints_0,exit_B_right,0.0,2,exit_A_left,jps-checkpoints_0 > exit_A_left,18.0,0.0,13.846153846153845,0.0,18.0,False,,0.0,0,1.3
30.0,14,jps-checkpoints_0,exit_B_right,0.0,1,exit_B_right,jps-checkpoints_0 > exit_B_right,11.0,0.0,8.461538461538462,0.0,11.0,False,,0.0,9,1.3
30.0,14,jps-checkpoints_0,exit_B_right,0.0,2,exit_A_left,jps-checkpoints_0 > exit_A_left,18.0,0.0,13.846153846153845,0.0,18.0,False,,0.0,0,1.3
36.0,17,jps-checkpoints_0,exit_B_right,0.0,1,exit_B_right,jps-checkpoints_0 > exit_B_right,11.0,5.4133980691108e-14,8.461538461538497,6.723157461992578e-06,11.000067231577598,False,,0.0,6,1.3
36.0,17,jps-checkpoints_0,exit_B_right,0.0,2,exit_A_left,jps-checkpoints_0 > exit_A_left,18.0,0.0,13.846153846153845,0.0,18.0,False,,0.0,0,1.3
37.0,15,jps-checkpoints_0,exit_B_right,0.0,1,exit_B_right,jps-checkpoints_0 > exit_B_right,11.0,1.1285959278239943e-08,8.461538469248525,6.7231698796352035e-06,11.000067852426557,False,,0.0,6,1.3
37.0,15,jps-checkpoints_0,exit_B_right,0.0,2,exit_A_left,jps-checkpoints_0 > exit_A_left,18.0,0.0,13.846153846153845,0.0,18.0,False,,0.0,0,1.3
37.0,16,jps-checkpoints_0,exit_B_right,0.0,1,exit_B_right,jps-checkpoints_0 > exit_B_right,11.0,1.1285959278239943e-08,8.461538469248525,6.7231698796352035e-06,11.000067852426557,False,,0.0,6,1.3
37.0,16,jps-checkpoints_0,exit_B_right,0.0,2,exit_A_left,jps-checkpoints_0 > exit_A_left,18.0,0.0,13.846153846153845,0.0,18.0,False,,0.0,0,1.3
39.0,18,jps-checkpoints_0,exit_B_right,0.0,1,exit_B_right,jps-checkpoints_0 > exit_B_right,11.0,0.03192514460533857,8.483404656244671,3.614787463312576e-05,12.756244432039953,False,,0.0,6,1.3
39.0,18,jps-checkpoints_0,exit_B_right,0.0,2,exit_A_left,jps-checkpoints_0 > exit_A_left,18.0,0.0,13.846153846153845,0.0,18.0,False,,0.0,0,1.3
40.0,19,jps-checkpoints_0,exit_B_right,0.0,1,exit_B_right,jps-checkpoints_0 > exit_B_right,11.0,0.038015130907297134,8.487588655942211,3.2216827349346996e-05,13.091154368174836,False,,0.0,7,1.3
40.0,19,jps-checkpoints_0,exit_B_right,0.0,2,exit_A_left,jps-checkpoints_0 > exit_A_left,18.0,0.0,13.846153846153845,0.0,18.0,False,,0.0,0,1.3
46.0,20,jps-checkpoints_0,exit_B_right,2.383664918338967e-06,1,exit_B_right,jps-checkpoints_0 > exit_B_right,11.0,0.007165170113887776,8.466436219298902,1.1347657915188856e-05,11.39419783284298,False,,0.0,7,1.3
46.0,20,jps-checkpoints_0,exit_B_right,2.383664918338967e-06,2,exit_A_left,jps-checkpoints_0 > exit_A_left,18.0,8.252653933003486e-28,13.846153846153845,2.383664918338967e-06,18.000023836649184,False,,0.0,0,1.3
48.0,21,jps-checkpoints_0,exit_B_right,2.383664918338967e-06,1,exit_B_right,jps-checkpoints_0 > exit_B_right,11.0,0.024342155233171073,8.47820068192735,1.1833444713463449e-05,12.338936872271544,False,,0.0,7,1.3
48.0,21,jps-checkpoints_0,exit_B_right,2.383664918338967e-06,2,exit_A_left,jps-checkpoints_0 > exit_A_left,18.0,1.477182296223172e-18,13.846153846153845,2.383664918338967e-06,18.000023836649184,False,,0.0,0,1.3
50.0,22,jps-checkpoints_0,exit_B_right,5.031079804301695e-06,1,exit_B_right,jps-checkpoints_0 > exit_B_right,11.0,0.08717079623740706,8.52151174331928,1.5390345335778077e-05,15.794547696510747,False,,0.0,7,1.3
50.0,22,jps-checkpoints_0,exit_B_right,5.031079804301695e-06,2,exit_A_left,jps-checkpoints_0 > exit_A_left,18.0,1.0063618972246855e-12,13.846153846154971,5.031079804301695e-06,18.000050310888614,False,,0.0,0,1.3
50.0,24,jps-checkpoints_0,exit_B_right,3.559885272772807e-06,1,exit_B_right,jps-checkpoints_0 > exit_B_right,11.0,0.08717079623740706,8.52151174331928,1.3919150804249188e-05,15.794532984565432,False,,0.0,7,1.3
50.0,24,jps-checkpoints_0,exit_B_right,3.559885272772807e-06,2,exit_A_left,jps-checkpoints_0 > exit_A_left,18.0,1.0063618972246855e-12,13.846153846154971,3.559885272772807e-06,18.0000355989433,False,,0.0,0,1.3
51.0,23,jps-checkpoints_0,exit_B_right,4.5014860461055475e-06,1,exit_B_right,jps-checkpoints_0 > exit_B_right,11.0,0.1062005374382302,8.534717384581207,1.7378358782163296e-05,16.841203342690484,False,,0.0,7,1.3
51.0,23,jps-checkpoints_0,exit_B_right,4.5014860461055475e-06,2,exit_A_left,jps-checkpoints_0 > exit_A_left,18.0,1.9443014117974423e-11,13.84615384617558,4.5014860461055475e-06,18.000045016610333,False,,0.0,0,1.3
53.0,26,jps-checkpoints_0,exit_B_right,2.732551845558168e-06,1,exit_A_left,jps-checkpoints_0 > exit_A_left,18.0,0.00102296615527445,13.847297504866736,2.732551845558168e-06,18.092094279493157,False,,0.0,0,1.3
53.0,26,jps-checkpoints_0,exit_B_right,2.732551845558168e-06,2,exit_B_right,jps-checkpoints_0 > exit_B_right,11.0,0.14578065241221339,8.562315424625401,2.8058992939274478e-05,19.01821647260113,True,next_node_not_visible,0.0,8,1.3
56.0,20,jps-checkpoints_0,exit_B_right,3.178219891118623e-06,1,exit_A_left,jps-checkpoints_0 > exit_A_left,18.0,0.023072277106941576,13.8719942629423,3.178219891118623e-06,20.07653672182365,False,,0.0,1,1.3
56.0,20,jps-checkpoints_0,exit_B_right,3.178219891118623e-06,2,exit_B_right,jps-checkpoints_0 > exit_B_right,11.0,0.3232613764703274,8.688294309596348,5.775265193103367e-05,28.779953232387317,True,next_node_not_visible,0.0,9,1.3
56.0,25,jps-checkpoints_0,exit_B_right,1.3646600326084356e-05,1,exit_A_left,jps-checkpoints_0 > exit_A_left,18.0,0.023072277106941576,13.8719942629423,1.3646600326084356e-05,20.076641405628003,False,,0.0,2,1.3
56.0,25,jps-checkpoints_0,exit_B_right,1.3646600326084356e-05,2,exit_B_right,jps-checkpoints_0 > exit_B_right,11.0,0.3232613764703274,8.688294309596348,6.82210323659994e-05,28.780057916191666,True,next_node_not_visible,0.0,8,1.3
59.0,27,jps-checkpoints_0,exit_B_right,2.2621845563424257e-05,1,exit_A_left,jps-checkpoints_0 > exit_A_left,18.0,0.062270222739755084,13.916116881250833,2.2621845563424257e-05,23.60454626503359,False,,0.0,3,1.3
59.0,27,jps-checkpoints_0,exit_B_right,2.2621845563424257e-05,2,exit_B_right,jps-checkpoints_0 > exit_B_right,11.0,0.5084963422268629,8.82379253377001,8.591373299241618e-05,38.968157959807385,True,next_node_not_visible,0.0,5,1.3
60.0,28,jps-checkpoints_0,exit_B_right,1.3248616117746978e-05,1,exit_A_left,jps-checkpoints_0 > exit_A_left,18.0,0.08740515139057393,13.944557659009137,1.3248616117746978e-05,25.866596111312834,False,,0.0,4,1.3
60.0,28,jps-checkpoints_0,exit_B_right,1.3248616117746978e-05,2,exit_B_right,jps-checkpoints_0 > exit_B_right,11.0,0.5418048985302448,8.84860710821676,8.24664749287049e-05,40.800094083912754,True,next_node_not_visible,0.0,4,1.3
62.0,30,jps-checkpoints_0,exit_B_right,4.296367850941965e-06,1,exit_A_left,jps-checkpoints_0 > exit_A_left,18.0,0.09903930709697306,13.957761381427161,4.296367850941965e-06,26.913580602406086,False,,0.0,4,1.3
62.0,30,jps-checkpoints_0,exit_B_right,4.296367850941965e-06,2,exit_B_right,jps-checkpoints_0 > exit_B_right,11.0,0.5614217631518841,8.863286908150066,9.274644977978576e-05,41.879124437851424,True,next_node_not_visible,0.0,4,1.3
63.0,26,jps-checkpoints_0,exit_A_left,8.333748427520289e-06,1,exit_A_left,jps-checkpoints_0 > exit_A_left,18.0,0.09168931435454976,13.949416892641562,8.333748427520289e-06,26.252121629393752,False,,0.0,5,1.3
63.0,26,jps-checkpoints_0,exit_A_left,8.333748427520289e-06,2,exit_B_right,jps-checkpoints_0 > exit_B_right,11.0,0.5404633730649948,8.84760498671702,0.0001017459553733964,40.72650297812845,True,next_node_not_visible,0.0,3,1.3
64.0,29,jps-checkpoints_0,exit_B_right,2.0857519766359558e-05,1,exit_A_left,jps-checkpoints_0 > exit_A_left,18.0,0.09552685645493594,13.953772431016858,3.194455904045967e-05,26.59773652653464,False,,0.0,5,1.3
64.0,29,jps-checkpoints_0,exit_B_right,2.0857519766359558e-05,2,exit_B_right,jps-checkpoints_0 > exit_B_right,11.0,0.49701591953635216,8.815271943086772,0.00011909880174028433,38.337066562516775,True,next_node_not_visible,0.0,4,1.3
66.0,25,jps-checkpoints_0,exit_A_left,2.9596956722128467e-05,1,exit_A_left,jps-checkpoints_0 > exit_A_left,18.0,0.1362390253026123,14.000148027051829,4.072084395667378e-05,30.261919485674674,False,,0.0,6,1.3
66.0,25,jps-checkpoints_0,exit_A_left,2.9596956722128467e-05,2,exit_B_right,jps-checkpoints_0 > exit_B_right,11.0,0.3857680484652519,8.733549930713936,0.00013601506451158766,32.21860281623397,True,next_node_not_visible,0.0,4,1.3
68.0,31,jps-checkpoints_0,exit_B_right,1.8816185149202214e-05,1,exit_A_left,jps-checkpoints_0 > exit_A_left,18.0,0.12799346887252552,13.990730562578237,2.9932589690519062e-05,29.519711524424203,False,fallback: next_node_not_visible,0.0,6,1.3
68.0,31,jps-checkpoints_0,exit_B_right,1.8816185149202214e-05,2,exit_B_right,jps-checkpoints_0 > exit_B_right,11.0,0.3550970801152289,8.711285000432504,0.00014718664023311405,30.53181127273992,True,next_node_not_visible,0.0,5,1.3
68.0,32,jps-checkpoints_0,exit_B_right,1.171606698761363e-05,1,exit_A_left,jps-checkpoints_0 > exit_A_left,18.0,0.12799346887252552,13.990730562578237,2.283247152893048e-05,29.51964052324259,False,fallback: next_node_not_visible,0.0,7,1.3
68.0,32,jps-checkpoints_0,exit_B_right,1.171606698761363e-05,2,exit_B_right,jps-checkpoints_0 > exit_B_right,11.0,0.3550970801152289,8.711285000432504,0.00014008652207152548,30.531740271558306,True,next_node_not_visible,0.0,4,1.3
69.0,27,jps-checkpoints_0,exit_A_left,9.886559954137828e-05,1,exit_A_left,jps-checkpoints_0 > exit_A_left,18.0,0.12595510590996775,13.98840444804421,0.00010998015585682486,29.337059333455663,False,,0.0,7,1.3
69.0,27,jps-checkpoints_0,exit_A_left,9.886559954137828e-05,2,exit_B_right,jps-checkpoints_0 > exit_B_right,11.0,0.32425318099558353,8.689008726405916,0.00021598733343915024,28.836084828091487,True,next_node_not_visible,0.0,3,1.3
69.0,33,jps-checkpoints_0,exit_B_right,1.3577024629739938e-05,1,exit_B_right,jps-checkpoints_0 > exit_B_right,11.0,0.32425318099558353,8.689008726405916,0.0001306987585275119,28.835231942342368,False,fallback: next_node_not_visible,0.0,3,1.3
69.0,33,jps-checkpoints_0,exit_B_right,1.3577024629739938e-05,2,exit_A_left,jps-checkpoints_0 > exit_A_left,18.0,0.12595510590996775,13.98840444804421,2.469158094518652e-05,29.336206447706548,True,next_node_not_visible,0.0,7,1.3
70.0,28,jps-checkpoints_0,exit_A_left,7.877352469089266e-05,1,exit_A_left,jps-checkpoints_0 > exit_A_left,18.0,0.14281011995097453,14.007662127733989,8.99033822915013e-05,30.853809829410626,False,,0.0,7,1.3
70.0,28,jps-checkpoints_0,exit_A_left,7.877352469089266e-05,2,exit_B_right,jps-checkpoints_0 > exit_B_right,11.0,0.307621993124485,8.677044458003396,0.00015615786751744663,27.920771200521852,True,next_node_not_visible,0.0,4,1.3
72.0,30,jps-checkpoints_0,exit_A_left,8.953494098159867e-05,1,exit_A_left,jps-checkpoints_0 > exit_A_left,18.0,0.19807409833778042,14.0711775586559,0.00010086130525385366,35.82767746345278,False,,0.0,6,1.3
72.0,30,jps-checkpoints_0,exit_A_left,8.953494098159867e-05,2,exit_B_right,jps-checkpoints_0 > exit_B_right,11.0,0.43246266059577465,8.767666269001298,0.0001628225188955956,34.787074557956565,True,next_node_not_visible,0.0,5,1.3
73.0,34,jps-checkpoints_0,exit_B_right,1.6888976040321216e-05,1,exit_B_right,jps-checkpoints_0 > exit_B_right,11.0,0.4464301448315382,8.777923137696936,8.989468620304223e-05,35.55455691259663,False,fallback: next_node_not_visible,0.0,5,1.3
73.0,34,jps-checkpoints_0,exit_B_right,1.6888976040321216e-05,2,exit_A_left,jps-checkpoints_0 > exit_A_left,18.0,0.2284959109147399,14.106388072158211,6.14657178964887e-05,38.56524663950556,True,next_node_not_visible,0.0,6,1.3
74.0,29,jps-checkpoints_0,exit_A_left,0.00011660225734843962,1,exit_A_left,jps-checkpoints_0 > exit_A_left,18.0,0.2526799270285251,14.134504869617354,0.00025649230459946456,40.74375835561325,False,,0.0,6,1.3
74.0,29,jps-checkpoints_0,exit_A_left,0.00011660225734843962,2,exit_B_right,jps-checkpoints_0 > exit_B_right,11.0,0.47531980834901333,8.799214280503852,0.00021425715086212217,37.144732030704354,True,next_node_not_visible,0.0,6,1.3
75.0,36,jps-checkpoints_0,exit_B_right,4.262129363502379e-05,1,exit_A_left,jps-checkpoints_0 > exit_A_left,18.0,0.26601497253233736,14.150056440914861,0.000258473230119816,41.94393226021156,False,fallback: next_node_not_visible,0.0,6,1.3
75.0,36,jps-checkpoints_0,exit_B_right,4.262129363502379e-05,2,exit_B_right,jps-checkpoints_0 > exit_B_right,11.0,0.5824877768754959,8.879105477670004,0.00018610532181838433,43.03868878137046,True,next_node_not_visible,0.0,6,1.3
76.0,35,jps-checkpoints_0,exit_B_right,3.934653255606818e-05,1,exit_A_left,jps-checkpoints_0 > exit_A_left,18.0,0.2994646470655136,14.189217055831396,0.00028416719875331875,44.95465990788375,False,fallback: next_node_not_visible,0.0,6,1.3
76.0,35,jps-checkpoints_0,exit_B_right,3.934653255606818e-05,2,exit_B_right,jps-checkpoints_0 > exit_B_right,11.0,0.7052757181227207,8.972443042226155,0.00018260898660829063,49.791990586615725,True,next_node_not_visible,0.0,6,1.3
77.0,37,jps-checkpoints_0,exit_B_right,1.990956426265369e-05,1,exit_A_left,jps-checkpoints_0 > exit_A_left,18.0,0.35016531589537886,14.248988971202836,0.00028329922521290446,49.51771142283622,False,fallback: next_node_not_visible,0.0,6,1.3
77.0,37,jps-checkpoints_0,exit_B_right,1.990956426265369e-05,2,exit_B_right,jps-checkpoints_0 > exit_B_right,11.0,0.7565361279994249,9.011991941529065,0.00019835781026107405,52.61147061807098,True,next_node_not_visible,0.0,5,1.3
78.0,31,jps-checkpoints_0,exit_A_left,0.00019223393008348502,1,exit_A_left,jps-checkpoints_0 > exit_A_left,18.0,0.34728298093911936,14.245577438342572,0.0004942269617435775,49.260410554138176,False,,0.0,7,1.3
78.0,31,jps-checkpoints_0,exit_A_left,0.00019223393008348502,2,exit_B_right,jps-checkpoints_0 > exit_B_right,11.0,0.7390514723956585,8.998462900018207,0.00029416720054372845,51.65077265376665,True,next_node_not_visible,0.0,5,1.3
78.0,32,jps-checkpoints_0,exit_A_left,0.00015038715274028974,1,exit_A_left,jps-checkpoints_0 > exit_A_left,18.0,0.34728298093911936,14.245577438342572,0.0004523801844003823,49.25999208636474,False,,0.0,7,1.3
78.0,32,jps-checkpoints_0,exit_A_left,0.00015038715274028974,2,exit_B_right,jps-checkpoints_0 > exit_B_right,11.0,0.7390514723956585,8.998462900018207,0.0002523204232005332,51.65035418599322,True,next_node_not_visible,0.0,5,1.3
82.0,38,jps-checkpoints_0,exit_B_right,4.513371029626792e-05,1,exit_B_right,jps-checkpoints_0 > exit_B_right,11.0,0.8725164346396923,9.10277391626478,0.0002687072381644907,58.991090977564724,False,fallback: next_node_not_visible,0.0,5,1.3
82.0,38,jps-checkpoints_0,exit_B_right,4.513371029626792e-05,2,exit_A_left,jps-checkpoints_0 > exit_A_left,18.0,0.5056358870245855,14.43545674062717,0.000369468928662782,63.51092452149933,True,next_node_not_visible,0.0,5,1.3
83.0,40,jps-checkpoints_0,exit_B_right,5.834413244047667e-05,1,exit_B_right,jps-checkpoints_0 > exit_B_right,11.0,0.8728450834751129,9.103033760346241,0.00020687867543231882,59.00854837788553,False,fallback: next_node_not_visible,0.0,5,1.3
83.0,40,jps-checkpoints_0,exit_B_right,5.834413244047667e-05,2,exit_A_left,jps-checkpoints_0 > exit_A_left,18.0,0.5323849957100654,14.468032182307853,0.00042816814149864384,65.91893129532086,True,next_node_not_visible,0.0,4,1.3
84.0,39,jps-checkpoints_0,exit_B_right,6.013076832444316e-05,1,exit_A_left,jps-checkpoints_0 > exit_A_left,18.0,0.5683708395665819,14.512088895021124,0.0005779277497231216,69.1591548384896,False,fallback: next_node_not_visible,0.0,4,1.3
84.0,39,jps-checkpoints_0,exit_B_right,6.013076832444316e-05,2,exit_B_right,jps-checkpoints_0 > exit_B_right,11.0,1.113606944680214,9.297461878851102,0.0002418039668828396,72.25079999708059,True,next_node_not_visible,0.0,6,1.3
85.0,36,jps-checkpoints_0,exit_A_left,0.00042247261251064715,1,exit_A_left,jps-checkpoints_0 > exit_A_left,18.0,0.591220388513069,14.540202660847452,0.0010533177033369063,71.22036814320958,False,,0.0,4,1.3
85.0,36,jps-checkpoints_0,exit_A_left,0.00042247261251064715,2,exit_B_right,jps-checkpoints_0 > exit_B_right,11.0,1.3827158734202385,9.524851988570726,0.0010468223510825235,87.05984126162394,True,next_node_not_visible,0.0,5,1.3
85.0,41,jps-checkpoints_0,exit_B_right,6.300309899993686e-05,1,exit_A_left,jps-checkpoints_0 > exit_A_left,18.0,0.591220388513069,14.540202660847452,0.0006938481898261962,71.21677344807448,False,fallback: next_node_not_visible,0.0,4,1.3
85.0,41,jps-checkpoints_0,exit_B_right,6.300309899993686e-05,2,exit_B_right,jps-checkpoints_0 > exit_B_right,11.0,1.3827158734202385,9.524851988570726,0.0006873528375718132,87.05624656648884,True,next_node_not_visible,0.0,5,1.3
86.0,35,jps-checkpoints_0,exit_A_left,0.00039670741044076535,1,exit_A_left,jps-checkpoints_0 > exit_A_left,18.0,0.6382497482382777,14.598411121970805,0.000980150037571143,75.45227884182071,False,fallback: next_node_not_visible,0.0,5,1.3
86.0,35,jps-checkpoints_0,exit_A_left,0.00039670741044076535,2,exit_B_right,jps-checkpoints_0 > exit_B_right,11.0,1.394461415708065,9.535030264168046,0.0009470981812320556,87.70484884575589,True,next_node_not_visible,0.0,5,1.3
87.0,37,jps-checkpoints_0,exit_A_left,0.00025089093194166363,1,exit_A_left,jps-checkpoints_0 > exit_A_left,18.0,0.6865056333252387,14.658624097011558,0.0007210307485478011,79.79271730675696,False,fallback: next_node_not_visible,0.0,5,1.3
87.0,37,jps-checkpoints_0,exit_A_left,0.00025089093194166363,2,exit_B_right,jps-checkpoints_0 > exit_B_right,11.0,1.2953037843108177,9.449780971507616,0.0004932859971851989,82.24664099706682,True,next_node_not_visible,0.0,5,1.3
89.0,43,jps-checkpoints_0,exit_B_right,8.646234608100962e-05,1,exit_B_right,jps-checkpoints_0 > exit_B_right,11.0,1.280195489525795,9.436925484315626,0.0003254597646470559,81.4140065215652,False,fallback: next_node_not_visible,0.0,6,1.3
89.0,43,jps-checkpoints_0,exit_B_right,8.646234608100962e-05,2,exit_A_left,jps-checkpoints_0 > exit_A_left,18.0,0.7580891856817867,14.748865548691597,0.0004956434808077193,86.23298314616889,True,next_node_not_visible,0.0,5,1.3
89.0,44,jps-checkpoints_0,exit_B_right,4.669725648124819e-05,1,exit_B_right,jps-checkpoints_0 > exit_B_right,11.0,1.280195489525795,9.436925484315626,0.0002856946750472945,81.4136088706692,False,fallback: next_node_not_visible,0.0,6,1.3
89.0,44,jps-checkpoints_0,exit_B_right,4.669725648124819e-05,2,exit_A_left,jps-checkpoints_0 > exit_A_left,18.0,0.7580891856817867,14.748865548691597,0.00045587839120795785,86.23258549527289,True,next_node_not_visible,0.0,5,1.3
91.0,42,jps-checkpoints_0,exit_B_right,8.854034367099198e-05,1,exit_A_left,jps-checkpoints_0 > exit_A_left,18.0,0.8073897090825167,14.8116648809373,0.00042992459891618307,90.66937306341566,False,fallback: next_node_not_visible,0.0,4,1.3
91.0,42,jps-checkpoints_0,exit_B_right,8.854034367099198e-05,2,exit_B_right,jps-checkpoints_0 > exit_B_right,11.0,1.5280220285058022,9.652318087355097,0.0010254471858929057,95.05146603967805,True,next_node_not_visible,0.0,7,1.3
92.0,45,jps-checkpoints_0,exit_B_right,0.00010810166720010941,1,exit_B_right,jps-checkpoints_0 > exit_B_right,11.0,1.4626328125596046,9.5945374114557,0.0006750866947383549,91.45155555772564,False,fallback: next_node_not_visible,0.0,6,1.3
92.0,45,jps-checkpoints_0,exit_B_right,0.00010810166720010941,2,exit_A_left,jps-checkpoints_0 > exit_A_left,18.0,0.8913823853839529,14.919895986409715,0.00046828067607617904,98.22909749131651,True,next_node_not_visible,0.0,4,1.3
94.0,39,jps-checkpoints_0,exit_A_left,0.00031658826924372305,1,exit_B_right,jps-checkpoints_0 > exit_B_right,11.0,1.4887718558311462,9.61755178105247,0.0009745672739072557,92.89219774345212,False,fallback: next_node_not_visible,0.0,6,1.3
94.0,39,jps-checkpoints_0,exit_A_left,0.00031658826924372305,2,exit_A_left,jps-checkpoints_0 > exit_A_left,18.0,1.0259914723309604,15.096688087790174,0.0006977599830889684,110.34621010961733,True,next_node_not_visible,0.0,4,1.3
95.0,41,jps-checkpoints_0,exit_A_left,0.0003160735876350976,1,exit_B_right,jps-checkpoints_0 > exit_B_right,11.0,1.733675830066204,9.838666382375468,0.0017587836212972024,106.36975848985419,False,fallback: next_node_not_visible,0.0,7,1.3
95.0,41,jps-checkpoints_0,exit_A_left,0.0003160735876350976,2,exit_A_left,jps-checkpoints_0 > exit_A_left,18.0,1.06600299206647,15.150048817943054,0.0007173473976247487,113.94744275995855,True,next_node_not_visible,0.0,2,1.3
98.0,46,jps-checkpoints_0,exit_B_right,7.024275840685974e-05,1,exit_B_right,jps-checkpoints_0 > exit_B_right,11.0,1.3586172237992287,9.504036822744014,0.0003082634335055327,85.72702994329264,False,fallback: next_node_not_visible,0.0,10,1.3
98.0,46,jps-checkpoints_0,exit_B_right,7.024275840685974e-05,2,exit_A_left,jps-checkpoints_0 > exit_A_left,18.0,1.125532697547566,15.230141475752083,0.0005350835285587854,119.30329361456651,True,next_node_not_visible,0.0,1,1.3
99.0,43,jps-checkpoints_0,exit_B_right,0.0020649083170710546,1,exit_B_right,jps-checkpoints_0 > exit_B_right,11.0,1.359980784356594,9.505212167239064,0.0023320535554032748,85.82226367516671,False,fallback: next_node_not_visible,0.0,9,1.3
99.0,43,jps-checkpoints_0,exit_B_right,0.0020649083170710546,2,exit_A_left,jps-checkpoints_0 > exit_A_left,18.0,1.1364369663325222,15.24490418909281,0.002569768679054814,120.30502465671755,True,next_node_not_visible,0.0,1,1.3
100.0,49,jps-checkpoints_0,exit_B_right,4.5142022875695366e-05,1,exit_B_right,jps-checkpoints_0 > exit_B_right,11.0,1.3675301000475883,9.511724693617193,0.00023458000001829344,86.21650130261754,False,fallback: next_node_not_visible,0.0,10,1.3
100.0,49,jps-checkpoints_0,exit_B_right,4.5142022875695366e-05,2,exit_A_left,jps-checkpoints_0 > exit_A_left,18.0,1.1363369172269648,15.244768607807,0.0005330215243008347,120.27565276566983,True,next_node_not_visible,0.0,1,1.3
101.0,42,jps-checkpoints_0,exit_A_left,0.0004243488971776617,1,exit_B_right,jps-checkpoints_0 > exit_B_right,11.0,1.4821858331561089,9.611742656193213,0.0008984419737293923,92.52920524332328,False,fallback: next_node_not_visible,0.0,10,1.3
101.0,42,jps-checkpoints_0,exit_A_left,0.0004243488971776617,2,exit_A_left,jps-checkpoints_0 > exit_A_left,18.0,1.1957433873956853,15.32569979308468,0.0008498830608187284,125.62540369621988,True,next_node_not_visible,0.0,1,1.3
101.0,47,jps-checkpoints_0,exit_B_right,0.0001234031652290376,1,exit_B_right,jps-checkpoints_0 > exit_B_right,11.0,1.4821858331561089,9.611742656193213,0.0005974962417807681,92.5261957860038,False,fallback: next_node_not_visible,0.0,11,1.3
101.0,47,jps-checkpoints_0,exit_B_right,0.0001234031652290376,2,exit_A_left,jps-checkpoints_0 > exit_A_left,18.0,1.1957433873956853,15.32569979308468,0.0005489373288701043,125.62239423890038,True,next_node_not_visible,0.0,0,1.3
102.0,50,jps-checkpoints_0,exit_B_right,5.602835189052706e-05,1,exit_B_right,jps-checkpoints_0 > exit_B_right,11.0,1.4482067972421646,9.581882995239354,0.0005929277085421306,90.65730312540447,False,fallback: next_node_not_visible,0.0,11,1.3
102.0,50,jps-checkpoints_0,exit_B_right,5.602835189052706e-05,2,exit_A_left,jps-checkpoints_0 > exit_A_left,18.0,1.2289049598303707,15.371251605655967,0.00048027360833047456,128.60624912081667,True,next_node_not_visible,0.0,0,1.3
102.0,51,jps-checkpoints_0,exit_B_right,2.479471198388833e-05,1,exit_B_right,jps-checkpoints_0 > exit_B_right,11.0,1.4482067972421646,9.581882995239354,0.0005616940686354919,90.6569907890054,False,fallback: next_node_not_visible,0.0,11,1.3
102.0,51,jps-checkpoints_0,exit_B_right,2.479471198388833e-05,2,exit_A_left,jps-checkpoints_0 > exit_A_left,18.0,1.2289049598303707,15.371251605655967,0.00044903996842383584,128.60593678441762,True,next_node_not_visible,0.0,0,1.3
104.0,39,jps-checkpoints_0,exit_B_right,0.0006637595350347089,1,exit_B_right,jps-checkpoints_0 > exit_B_right,11.0,1.357058435678482,9.502693554512494,0.0011223714580543107,85.64943767689705,False,fallback: next_node_not_visible,0.0,11,1.3
104.0,39,jps-checkpoints_0,exit_B_right,0.0006637595350347089,2,exit_A_left,jps-checkpoints_0 > exit_A_left,18.0,1.3958361690694636,15.604728544644102,0.0015588924824459704,143.6408441410762,True,next_node_not_visible,0.0,0,1.3
105.0,41,jps-checkpoints_0,exit_B_right,0.0006799614368543743,1,exit_B_right,jps-checkpoints_0 > exit_B_right,11.0,1.574613556265831,9.693914760269204,0.0014412987868260602,97.61815858248896,False,fallback: next_node_not_visible,0.0,11,1.3
105.0,41,jps-checkpoints_0,exit_B_right,0.0006799614368543743,2,exit_A_left,jps-checkpoints_0 > exit_A_left,18.0,1.5379040891473943,15.8090905374337,0.001695374016949212,156.42832176343498,True,next_node_not_visible,0.0,0,1.3
105.0,52,jps-checkpoints_0,exit_B_right,7.823172215783905e-05,1,exit_B_right,jps-checkpoints_0 > exit_B_right,11.0,1.574613556265831,9.693914760269204,0.0008395690721295251,97.612141285342,False,fallback: next_node_not_visible,0.0,11,1.3
105.0,52,jps-checkpoints_0,exit_B_right,7.823172215783905e-05,2,exit_A_left,jps-checkpoints_0 > exit_A_left,18.0,1.5379040891473943,15.8090905374337,0.0010936443022526766,156.422304466288,True,next_node_not_visible,0.0,0,1.3
108.0,46,jps-checkpoints_0,exit_B_right,0.0005909077686574,1,exit_B_right,jps-checkpoints_0 > exit_B_right,11.0,1.5638892017304897,9.684308379616814,0.0012662299808137338,97.02656839498508,False,,0.0,13,1.3
108.0,46,jps-checkpoints_0,exit_B_right,0.0005909077686574,2,exit_A_left,jps-checkpoints_0 > exit_A_left,18.0,1.6259607835249468,15.93846746305416,0.001528533016942583,164.35175584741467,True,next_node_not_visible,0.0,0,1.3
108.0,53,jps-checkpoints_0,exit_B_right,9.04620238999129e-05,1,exit_B_right,jps-checkpoints_0 > exit_B_right,11.0,1.5638892017304897,9.684308379616814,0.0007657842360562467,97.0215639375375,False,fallback: next_node_not_visible,0.0,13,1.3
108.0,53,jps-checkpoints_0,exit_B_right,9.04620238999129e-05,2,exit_A_left,jps-checkpoints_0 > exit_A_left,18.0,1.6259607835249468,15.93846746305416,0.001028087272185096,164.3467513899671,True,next_node_not_visible,0.0,0,1.3
111.0,42,jps-checkpoints_0,exit_B_right,0.000964966036491485,1,exit_B_right,jps-checkpoints_0 > exit_B_right,11.0,1.576335497200489,9.695458971268659,0.0018462314826437859,97.71691466085333,False,fallback: next_node_not_visible,0.0,11,1.3
111.0,42,jps-checkpoints_0,exit_B_right,0.000964966036491485,2,exit_A_left,jps-checkpoints_0 > exit_A_left,18.0,1.6637241027571938,15.994602131690353,0.0018066941547254783,167.75323618969472,True,next_node_not_visible,0.0,0,1.3
113.0,54,jps-checkpoints_0,exit_B_right,0.00022906346065529185,1,exit_B_right,jps-checkpoints_0 > exit_B_right,11.0,1.7900482192635536,9.891010048955602,0.001109683266835111,109.4637488921638,False,fallback: next_node_not_visible,0.0,10,1.3
113.0,54,jps-checkpoints_0,exit_B_right,0.00022906346065529185,2,exit_A_left,jps-checkpoints_0 > exit_A_left,18.0,1.7578273686495693,16.136220951644674,0.0010200577674939616,176.21466375613616,True,next_node_not_visible,0.0,0,1.3
114.0,39,jps-checkpoints_0,exit_B_right,0.0010837214358445499,1,exit_B_right,jps-checkpoints_0 > exit_B_right,11.0,1.8966924026608467,9.991571712186095,0.0016975220038354813,115.33505736638493,False,fallback: next_node_not_visible,0.0,11,1.3
114.0,39,jps-checkpoints_0,exit_B_right,0.0010837214358445499,2,exit_A_left,jps-checkpoints_0 > exit_A_left,18.0,1.7710865627635608,16.156376932600764,0.001910894465279314,177.41689959337327,True,next_node_not_visible,0.0,0,1.3
114.0,55,jps-checkpoints_0,exit_B_right,0.00022422782809571257,1,exit_B_right,jps-checkpoints_0 > exit_B_right,11.0,1.8966924026608467,9.991571712186095,0.000838028396086644,115.32646243030743,False,fallback: next_node_not_visible,0.0,11,1.3
114.0,55,jps-checkpoints_0,exit_B_right,0.00022422782809571257,2,exit_A_left,jps-checkpoints_0 > exit_A_left,18.0,1.7710865627635608,16.156376932600764,0.0010514008575304766,177.4083046572958,True,next_node_not_visible,0.0,0,1.3
114.0,56,jps-checkpoints_0,exit_B_right,0.00015180096643702202,1,exit_B_right,jps-checkpoints_0 > exit_B_right,11.0,1.8966924026608467,9.991571712186095,0.0007656015344279535,115.32573816169085,False,fallback: next_node_not_visible,0.0,11,1.3
114.0,56,jps-checkpoints_0,exit_B_right,0.00015180096643702202,2,exit_A_left,jps-checkpoints_0 > exit_A_left,18.0,1.7710865627635608,16.156376932600764,0.000978973995871786,177.40758038867918,True,next_node_not_visible,0.0,0,1.3
114.0,57,jps-checkpoints_0,exit_B_right,0.0001217600989059196,1,exit_B_right,jps-checkpoints_0 > exit_B_right,11.0,1.8966924026608467,9.991571712186095,0.0007355606668968511,115.32543775301554,False,fallback: next_node_not_visible,0.0,11,1.3
114.0,57,jps-checkpoints_0,exit_B_right,0.0001217600989059196,2,exit_A_left,jps-checkpoints_0 > exit_A_left,18.0,1.7710865627635608,16.156376932600764,0.0009489331283406837,177.4072799800039,True,next_node_not_visible,0.0,0,1.3
116.0,58,jps-checkpoints_0,exit_B_right,8.701591117034754e-05,1,exit_B_right,jps-checkpoints_0 > exit_B_right,11.0,1.7958580926060677,9.896436388518786,0.0008471951867211477,109.78066704520093,False,fallback: next_node_not_visible,0.0,9,1.3
116.0,58,jps-checkpoints_0,exit_B_right,8.701591117034754e-05,2,exit_A_left,jps-checkpoints_0 > exit_A_left,18.0,1.889818007295782,16.339136376516677,0.0010249695180139808,188.09387035180052,True,next_node_not_visible,0.0,0,1.3
118.0,53,jps-checkpoints_0,exit_B_right,0.0006108731953738697,1,exit_B_right,jps-checkpoints_0 > exit_B_right,11.0,1.8634214624762535,9.95997963690772,0.0014119551524746157,113.50229998771869,False,fallback: next_node_not_visible,0.0,10,1.3
118.0,53,jps-checkpoints_0,exit_B_right,0.0006108731953738697,2,exit_A_left,jps-checkpoints_0 > exit_A_left,18.0,1.8734042536128652,16.31362531707231,0.0014564301912992047,186.62094712707085,True,next_node_not_visible,0.0,0,1.3
119.0,60,jps-checkpoints_0,exit_B_right,8.394074231953182e-05,1,exit_B_right,jps-checkpoints_0 > exit_B_right,11.0,1.9376225546002388,10.0307125188608,0.0009831368767680396,117.57907187178081,False,fallback: next_node_not_visible,0.0,9,1.3
119.0,60,jps-checkpoints_0,exit_B_right,8.394074231953182e-05,2,exit_A_left,jps-checkpoints_0 > exit_A_left,18.0,1.8593685735355723,16.291873478350386,0.000885431987670208,185.3520259380782,True,next_node_not_visible,0.0,0,1.3
120.0,59,jps-checkpoints_0,exit_B_right,0.00022500096255899794,1,exit_B_right,jps-checkpoints_0 > exit_B_right,11.0,2.0427632480859756,10.13267669829278,0.0011179157901951842,123.36315780263061,False,fallback: next_node_not_visible,0.0,10,1.3
120.0,59,jps-checkpoints_0,exit_B_right,0.00022500096255899794,2,exit_A_left,jps-checkpoints_0 > exit_A_left,18.0,1.8615753000432795,16.29528951580144,0.001060135449611978,185.55237835839128,True,next_node_not_visible,0.0,0,1.3
123.0,54,jps-checkpoints_0,exit_B_right,0.0007392584112565766,1,exit_B_right,jps-checkpoints_0 > exit_B_right,11.0,1.8703225255012512,9.96651603712692,0.0012414075477909332,113.88015297804672,False,,0.0,10,1.3
123.0,54,jps-checkpoints_0,exit_B_right,0.0007392584112565766,2,exit_A_left,jps-checkpoints_0 > exit_A_left,18.0,2.1643377325751563,16.777952540570197,0.00167412605274443,212.80713719229152,True,next_node_not_visible,0.0,0,1.3
123.0,62,jps-checkpoints_0,exit_B_right,0.00015073593610056207,1,exit_B_right,jps-checkpoints_0 > exit_B_right,11.0,1.8703225255012512,9.96651603712692,0.0006528850726349187,113.87426775329517,False,fallback: next_node_not_visible,0.0,10,1.3
123.0,62,jps-checkpoints_0,exit_B_right,0.00015073593610056207,2,exit_A_left,jps-checkpoints_0 > exit_A_left,18.0,2.1643377325751563,16.777952540570197,0.0010856035775884156,212.80125196753994,True,next_node_not_visible,0.0,0,1.3
124.0,55,jps-checkpoints_0,exit_B_right,0.0009048423358049025,1,exit_B_right,jps-checkpoints_0 > exit_B_right,11.0,1.7764760851860046,9.878357025163918,0.0012211324633853216,108.71839600986411,False,fallback: next_node_not_visible,0.0,9,1.3
124.0,55,jps-checkpoints_0,exit_B_right,0.0009048423358049025,2,exit_A_left,jps-checkpoints_0 > exit_A_left,18.0,2.2170768000862817,16.864968304926425,0.001999029901699153,217.55690230678235,True,next_node_not_visible,0.0,0,1.3
124.0,56,jps-checkpoints_0,exit_B_right,0.000978179497197383,1,exit_B_right,jps-checkpoints_0 > exit_B_right,11.0,1.7764760851860046,9.878357025163918,0.001294469624777802,108.71912938147803,False,,0.0,9,1.3
124.0,56,jps-checkpoints_0,exit_B_right,0.000978179497197383,2,exit_A_left,jps-checkpoints_0 > exit_A_left,18.0,2.2170768000862817,16.864968304926425,0.002072367063091634,217.55763567839628,True,next_node_not_visible,0.0,0,1.3
125.0,61,jps-checkpoints_0,exit_B_right,0.0002797576761544881,1,exit_B_right,jps-checkpoints_0 > exit_B_right,11.0,1.72759148478508,9.833049967846238,0.000856171402559585,106.02609337720499,False,fallback: next_node_not_visible,0.0,7,1.3
125.0,61,jps-checkpoints_0,exit_B_right,0.0002797576761544881,2,exit_A_left,jps-checkpoints_0 > exit_A_left,18.0,2.144580591808666,16.745585395685797,0.0014007262455709173,211.02626052523564,True,next_node_not_visible,0.0,0,1.3
126.0,58,jps-checkpoints_0,exit_B_right,0.0010069375421313692,1,exit_B_right,jps-checkpoints_0 > exit_B_right,11.0,1.5582379177212715,9.679253876754528,0.0015343308349620374,96.71842878301955,False,,0.0,8,1.3
126.0,58,jps-checkpoints_0,exit_B_right,0.0010069375421313692,2,exit_A_left,jps-checkpoints_0 > exit_A_left,18.0,2.1435411193154077,16.743885937066022,0.0020752858617829398,210.93945359700453,True,next_node_not_visible,0.0,0,1.3
128.0,63,jps-checkpoints_0,exit_B_right,0.00032484381383585136,1,exit_B_right,jps-checkpoints_0 > exit_B_right,11.0,1.53483559563756,9.658378905113889,0.0009222530356545439,95.42518029042233,False,fallback: next_node_not_visible,0.0,8,1.3
128.0,63,jps-checkpoints_0,exit_B_right,0.00032484381383585136,2,exit_A_left,jps-checkpoints_0 > exit_A_left,18.0,2.0890658660368486,16.655303207139994,0.0012998257758996769,206.0289262010754,True,next_node_not_visible,0.0,0,1.3
129.0,60,jps-checkpoints_0,exit_B_right,0.0008760492570308252,1,exit_B_right,jps-checkpoints_0 > exit_B_right,11.0,1.5872584618628025,9.70526599363882,0.0013857971753785854,98.31307337420792,False,,0.0,8,1.3
129.0,60,jps-checkpoints_0,exit_B_right,0.0008760492570308252,2,exit_A_left,jps-checkpoints_0 > exit_A_left,18.0,2.0841480601917612,16.64735242053218,0.0019922930395897404,205.59324834765442,True,next_node_not_visible,0.0,0,1.3
130.0,59,jps-checkpoints_0,exit_B_right,0.0011736326875984781,1,exit_B_right,jps-checkpoints_0 > exit_B_right,11.0,1.8293018750846386,9.927788555839507,0.0017065517412292283,111.62866864706741,False,fallback: next_node_not_visible,0.0,8,1.3
130.0,59,jps-checkpoints_0,exit_B_right,0.0011736326875984781,2,exit_A_left,jps-checkpoints_0 > exit_A_left,18.0,2.093710119074041,16.66281870729611,0.0023372749938820074,206.45728346660252,True,next_node_not_visible,0.0,0,1.3
131.0,65,jps-checkpoints_0,exit_B_right,0.00024377713174637795,1,exit_B_right,jps-checkpoints_0 > exit_B_right,11.0,1.8971903286874294,9.992046034859571,0.0008448941846094065,115.35391701965472,False,fallback: next_node_not_visible,0.0,7,1.3
131.0,65,jps-checkpoints_0,exit_B_right,0.00024377713174637795,2,exit_A_left,jps-checkpoints_0 > exit_A_left,18.0,2.1407198147340254,16.739275056442416,0.0014091486588315694,210.67887481265058,True,next_node_not_visible,0.0,0,1.3
132.0,64,jps-checkpoints_0,exit_B_right,0.0004080552949430648,1,exit_B_right,jps-checkpoints_0 > exit_B_right,11.0,1.940405711531639,10.033385142368765,0.0010518522810190336,117.73283265705034,False,fallback: next_node_not_visible,0.0,8,1.3
132.0,64,jps-checkpoints_0,exit_B_right,0.0004080552949430648,2,exit_A_left,jps-checkpoints_0 > exit_A_left,18.0,2.1862006079066885,16.813915556358275,0.0015229069928663903,214.7732837815306,True,next_node_not_visible,0.0,0,1.3
132.0,66,jps-checkpoints_0,exit_B_right,0.00017856180888627517,1,exit_B_right,jps-checkpoints_0 > exit_B_right,11.0,1.940405711531639,10.033385142368765,0.000822358794962244,117.73053772218978,False,fallback: next_node_not_visible,0.0,8,1.3
132.0,66,jps-checkpoints_0,exit_B_right,0.00017856180888627517,2,exit_A_left,jps-checkpoints_0 > exit_A_left,18.0,2.1862006079066885,16.813915556358275,0.0012934135068096006,214.77098884667004,True,next_node_not_visible,0.0,0,1.3
133.0,62,jps-checkpoints_0,exit_B_right,0.0011600789798684855,1,exit_B_right,jps-checkpoints_0 > exit_B_right,11.0,1.9739236235618591,10.065684103854023,0.002071045807593344,119.58650975397819,False,fallback: next_node_not_visible,0.0,8,1.3
133.0,62,jps-checkpoints_0,exit_B_right,0.0011600789798684855,2,exit_A_left,jps-checkpoints_0 > exit_A_left,18.0,2.2380170171911065,16.89976904507824,0.0024702708623567902,219.44623425582316,True,next_node_not_visible,0.0,0,1.3
135.0,61,jps-checkpoints_0,exit_B_right,0.0013456994810497746,1,exit_B_right,jps-checkpoints_0 > exit_B_right,11.0,1.7994759231805801,9.8998184002681,0.0018102258441514872,109.98927803337342,False,fallback: next_node_not_visible,0.0,8,1.3
135.0,61,jps-checkpoints_0,exit_B_right,0.0013456994810497746,2,exit_A_left,jps-checkpoints_0 > exit_A_left,18.0,2.2071045637130737,16.848445684062778,0.002534862914212334,216.66475936331875,True,next_node_not_visible,0.0,0,1.3
138.0,63,jps-checkpoints_0,exit_B_right,0.0014433590747525162,1,exit_B_right,jps-checkpoints_0 > exit_B_right,11.0,1.6049790009856224,9.721218388638007,0.0018363928020517608,99.29220898222975,False,fallback: next_node_not_visible,0.0,9,1.3
138.0,63,jps-checkpoints_0,exit_B_right,0.0014433590747525162,2,exit_A_left,jps-checkpoints_0 > exit_A_left,18.0,2.1241101785139604,16.712181195099767,0.0025227511416714876,209.19514357767318,True,next_node_not_visible,0.0,0,1.3
139.0,67,jps-checkpoints_0,exit_B_right,0.0004749108038670178,1,exit_B_right,jps-checkpoints_0 > exit_B_right,11.0,1.729784607887268,9.835073684453263,0.0009429573430815012,106.14758300723057,False,fallback: next_node_not_visible,0.0,9,1.3
139.0,67,jps-checkpoints_0,exit_B_right,0.0004749108038670178,2,exit_A_left,jps-checkpoints_0 > exit_A_left,18.0,2.112769983031533,16.693733243610925,0.0016657864745455216,208.16595633758345,True,next_node_not_visible,0.0,0,1.3
140.0,69,jps-checkpoints_0,exit_B_right,0.000322607905772487,1,exit_B_right,jps-checkpoints_0 > exit_B_right,11.0,1.839102327823639,9.9370137469108,0.0008624535949090011,112.15925256624924,False,fallback: next_node_not_visible,0.0,8,1.3
140.0,69,jps-checkpoints_0,exit_B_right,0.000322607905772487,2,exit_A_left,jps-checkpoints_0 > exit_A_left,18.0,2.164280826395208,16.777859134319485,0.0015633986991947196,212.80090836256068,True,next_node_not_visible,0.0,0,1.3
141.0,68,jps-checkpoints_0,exit_B_right,0.0005659978186337806,1,exit_B_right,jps-checkpoints_0 > exit_B_right,11.0,1.772043839097023,9.874231941795722,0.0008364342367441341,108.47077549270371,False,fallback: next_node_not_visible,0.0,8,1.3
141.0,68,jps-checkpoints_0,exit_B_right,0.0005659978186337806,2,exit_A_left,jps-checkpoints_0 > exit_A_left,18.0,2.1249383471228858,16.71353003712493,0.0018666967908215447,209.26311820896794,True,next_node_not_visible,0.0,0,1.3
142.0,64,jps-checkpoints_0,exit_B_right,0.001677098378173236,1,exit_B_right,jps-checkpoints_0 > exit_B_right,11.0,2.095066972076893,10.184176259205364,0.0020076386596521198,126.24875985082562,False,fallback: next_node_not_visible,0.0,9,1.3
142.0,64,jps-checkpoints_0,exit_B_right,0.001677098378173236,2,exit_A_left,jps-checkpoints_0 > exit_A_left,18.0,2.2348960529674184,16.894573180947155,0.002737312246672375,219.16801788953435,True,next_node_not_visible,0.0,0,1.3
142.0,66,jps-checkpoints_0,exit_B_right,0.003497313306109423,1,exit_B_right,jps-checkpoints_0 > exit_B_right,11.0,2.095066972076893,10.184176259205364,0.003827853587588307,126.266962000105,False,fallback: next_node_not_visible,0.0,9,1.3
142.0,66,jps-checkpoints_0,exit_B_right,0.003497313306109423,2,exit_A_left,jps-checkpoints_0 > exit_A_left,18.0,2.2348960529674184,16.894573180947155,0.0045575271746085624,219.18622003881373,True,next_node_not_visible,0.0,0,1.3
143.0,70,jps-checkpoints_0,exit_B_right,0.00043275409406856537,1,exit_B_right,jps-checkpoints_0 > exit_B_right,11.0,1.8534394279122353,9.950540223621697,0.0007641518952658604,112.94681005412559,False,fallback: next_node_not_visible,0.0,9,1.3
143.0,70,jps-checkpoints_0,exit_B_right,0.00043275409406856537,2,exit_A_left,jps-checkpoints_0 > exit_A_left,18.0,2.274291580373591,16.960395186753594,0.001220757933939253,222.69844981296256,True,next_node_not_visible,0.0,0,1.3
144.0,72,jps-checkpoints_0,exit_B_right,0.000278630171223996,1,exit_B_right,jps-checkpoints_0 > exit_B_right,11.0,1.826528511941433,9.92518109064625,0.0006034147696866786,111.46510230447568,False,fallback: next_node_not_visible,0.0,9,1.3
144.0,72,jps-checkpoints_0,exit_B_right,0.000278630171223996,2,exit_A_left,jps-checkpoints_0 > exit_A_left,18.0,2.2242894714528862,16.87693891692835,0.0011400193093770244,218.19745262385354,True,next_node_not_visible,0.0,0,1.3
147.0,71,jps-checkpoints_0,exit_B_right,0.0006589522689905663,1,exit_B_right,jps-checkpoints_0 > exit_B_right,11.0,2.54303041100502,10.647670008872453,0.0015689912209545394,150.88236251748566,False,fallback: next_node_not_visible,0.0,9,1.3
147.0,71,jps-checkpoints_0,exit_B_right,0.0006589522689905663,2,exit_A_left,jps-checkpoints_0 > exit_A_left,18.0,2.1133986711502075,16.694754911566157,0.0014258200383592088,208.22013860390226,True,next_node_not_visible,0.0,0,1.3
149.0,67,jps-checkpoints_0,exit_B_right,0.0012698578995167268,1,exit_B_right,jps-checkpoints_0 > exit_B_right,11.0,2.7435371577739716,10.869079982429218,0.0023543347433602315,161.91808702500205,False,fallback: next_node_not_visible,0.0,10,1.3
149.0,67,jps-checkpoints_0,exit_B_right,0.0012698578995167268,2,exit_A_left,jps-checkpoints_0 > exit_A_left,18.0,2.3839676163413306,17.14637293274685,0.002011587112038337,232.57720134184015,True,next_node_not_visible,0.0,0,1.3
150.0,69,jps-checkpoints_0,exit_B_right,0.0010059187815369482,1,exit_B_right,jps-checkpoints_0 > exit_B_right,11.0,2.3268275186419487,10.418817676633553,0.0015594535504108518,138.99110806081129,False,fallback: next_node_not_visible,0.0,11,1.3
150.0,69,jps-checkpoints_0,exit_B_right,0.0010059187815369482,2,exit_A_left,jps-checkpoints_0 > exit_A_left,18.0,2.412010756405917,17.194582311919646,0.0017663782293239724,235.09863185882574,True,next_node_not_visible,0.0,0,1.3
150.0,73,jps-checkpoints_0,exit_B_right,0.0006321924608344488,1,exit_B_right,jps-checkpoints_0 > exit_B_right,11.0,2.3268275186419487,10.418817676633553,0.0011857272297083523,138.98737079760426,False,fallback: next_node_not_visible,0.0,11,1.3
150.0,73,jps-checkpoints_0,exit_B_right,0.0006321924608344488,2,exit_A_left,jps-checkpoints_0 > exit_A_left,18.0,2.412010756405917,17.194582311919646,0.0013926519086214732,235.09489459561874,True,next_node_not_visible,0.0,0,1.3
153.0,70,jps-checkpoints_0,exit_B_right,0.001202174936129152,1,exit_B_right,jps-checkpoints_0 > exit_B_right,11.0,2.5483132898807526,10.653387872558291,0.0016389043387918505,151.17361998682932,False,fallback: next_node_not_visible,0.0,9,1.3
153.0,70,jps-checkpoints_0,exit_B_right,0.001202174936129152,2,exit_A_left,jps-checkpoints_0 > exit_A_left,18.0,2.389942396770824,17.156621590478103,0.0022780667372818133,233.11759637674697,True,next_node_not_visible,0.0,0,1.3
154.0,72,jps-checkpoints_0,exit_B_right,0.00661177984914592,1,exit_B_right,jps-checkpoints_0 > exit_B_right,11.0,2.8910210877656937,11.037908219944873,0.007480787420781436,170.08096770132096,False,fallback: next_node_not_visible,0.0,9,1.3
154.0,72,jps-checkpoints_0,exit_B_right,0.00661177984914592,2,exit_A_left,jps-checkpoints_0 > exit_A_left,18.0,2.307101997462186,17.015607530126836,0.007809050030670244,225.71727027190346,True,next_node_not_visible,0.0,0,1.3
154.0,74,jps-checkpoints_0,exit_B_right,0.0008045913299458789,1,exit_B_right,jps-checkpoints_0 > exit_B_right,11.0,2.8910210877656937,11.037908219944873,0.0016735989015813943,170.02289581612897,False,fallback: next_node_not_visible,0.0,9,1.3
154.0,74,jps-checkpoints_0,exit_B_right,0.0008045913299458789,2,exit_A_left,jps-checkpoints_0 > exit_A_left,18.0,2.307101997462186,17.015607530126836,0.0020018615114702027,225.65919838671147,True,next_node_not_visible,0.0,0,1.3
155.0,77,jps-checkpoints_0,exit_B_right,0.00041011820592747647,1,exit_B_right,jps-checkpoints_0 > exit_B_right,11.0,2.8732081800699234,11.017239422685451,0.0008987064879548978,169.03543696872535,False,fallback: next_node_not_visible,0.0,9,1.3
155.0,77,jps-checkpoints_0,exit_B_right,0.00041011820592747647,2,exit_A_left,jps-checkpoints_0 > exit_A_left,18.0,2.3201464197852393,17.03765827253509,0.0016795155963082917,226.82997293663462,True,next_node_not_visible,0.0,0,1.3
156.0,75,jps-checkpoints_0,exit_B_right,0.0008777201102298185,1,exit_B_right,jps-checkpoints_0 > exit_B_right,11.0,3.458703100681305,11.73980563137001,0.0027594516719442867,201.2562650541912,False,fallback: next_node_not_visible,0.0,10,1.3
156.0,75,jps-checkpoints_0,exit_B_right,0.0008777201102298185,2,exit_A_left,jps-checkpoints_0 > exit_A_left,18.0,2.389813108877702,17.156399690740873,0.0022678796089932165,233.1058585950831,True,next_node_not_visible,0.0,0,1.3
157.0,71,jps-checkpoints_0,exit_B_right,0.005011959651848283,1,exit_B_right,jps-checkpoints_0 > exit_B_right,11.0,3.372871518135071,11.62800760021012,0.006120973364836401,196.56914323107725,False,fallback: next_node_not_visible,0.0,10,1.3
157.0,71,jps-checkpoints_0,exit_B_right,0.005011959651848283,2,exit_A_left,jps-checkpoints_0 > exit_A_left,18.0,2.487917889248241,17.32644584425911,0.0066547337928562315,241.97915737027026,True,next_node_not_visible,0.0,0,1.3
157.0,76,jps-checkpoints_0,exit_B_right,0.0007787952323740644,1,exit_B_right,jps-checkpoints_0 > exit_B_right,11.0,3.372871518135071,11.62800760021012,0.001887808945362183,196.5268115868825,False,fallback: next_node_not_visible,0.0,10,1.3
157.0,76,jps-checkpoints_0,exit_B_right,0.0007787952323740644,2,exit_A_left,jps-checkpoints_0 > exit_A_left,18.0,2.487917889248241,17.32644584425911,0.0024215693733820134,241.9368257260755,True,next_node_not_visible,0.0,0,1.3
160.0,73,jps-checkpoints_0,exit_B_right,0.007500340931087508,1,exit_B_right,jps-checkpoints_0 > exit_B_right,11.0,3.0050321221351624,11.172057281832743,0.008583111897573985,176.36259783640966,False,fallback: next_node_not_visible,0.0,11,1.3
160.0,73,jps-checkpoints_0,exit_B_right,0.007500340931087508,2,exit_A_left,jps-checkpoints_0 > exit_A_left,18.0,2.5506878224286167,17.43702532645994,0.008512993247928424,247.6470339510548,True,next_node_not_visible,0.0,0,1.3
160.0,78,jps-checkpoints_0,exit_B_right,0.0007395271260596426,1,exit_B_right,jps-checkpoints_0 > exit_B_right,11.0,3.0050321221351624,11.172057281832743,0.001822298092546119,176.2949896983594,False,fallback: next_node_not_visible,0.0,11,1.3
160.0,78,jps-checkpoints_0,exit_B_right,0.0007395271260596426,2,exit_A_left,jps-checkpoints_0 > exit_A_left,18.0,2.5506878224286167,17.43702532645994,0.0017521794429005595,247.57942581300452,True,next_node_not_visible,0.0,0,1.3
163.0,80,jps-checkpoints_0,exit_B_right,0.0006846501120129408,1,exit_B_right,jps-checkpoints_0 > exit_B_right,11.0,3.7473493963479996,12.132073512848475,0.0020229802628172,217.12444660176814,False,fallback: next_node_not_visible,0.0,11,1.3
163.0,80,jps-checkpoints_0,exit_B_right,0.0006846501120129408,2,exit_A_left,jps-checkpoints_0 > exit_A_left,18.0,2.5341226946223867,17.407706286760384,0.001907146120969675,246.0901139772245,True,next_node_not_visible,0.0,0,1.3
164.0,74,jps-checkpoints_0,exit_B_right,0.0018278014088305538,1,exit_B_right,jps-checkpoints_0 > exit_B_right,11.0,4.08499975502491,12.625558173427653,0.0030190705415161813,235.7051772317852,False,fallback: next_node_not_visible,0.0,12,1.3
164.0,74,jps-checkpoints_0,exit_B_right,0.0018278014088305538,2,exit_A_left,jps-checkpoints_0 > exit_A_left,18.0,2.631425879218362,17.58135111533425,0.003127505858780119,254.85960418824035,True,next_node_not_visible,0.0,0,1.3
164.0,79,jps-checkpoints_0,exit_B_right,0.0010328527897092484,1,exit_B_right,jps-checkpoints_0 > exit_B_right,11.0,4.08499975502491,12.625558173427653,0.002224121922394876,235.697227745594,False,fallback: next_node_not_visible,0.0,12,1.3
164.0,79,jps-checkpoints_0,exit_B_right,0.0010328527897092484,2,exit_A_left,jps-checkpoints_0 > exit_A_left,18.0,2.631425879218362,17.58135111533425,0.002332557239658814,254.85165470204916,True,next_node_not_visible,0.0,0,1.3
165.0,77,jps-checkpoints_0,exit_B_right,0.0038557220451007636,1,exit_B_right,jps-checkpoints_0 > exit_B_right,11.0,3.7818410992622375,12.180707851966856,0.0049240005013650185,219.0505004644367,False,fallback: next_node_not_visible,0.0,11,1.3
165.0,77,jps-checkpoints_0,exit_B_right,0.0038557220451007636,2,exit_A_left,jps-checkpoints_0 > exit_A_left,18.0,2.6251036578958686,17.569963473403607,0.005470357189885103,254.31403278252702,True,next_node_not_visible,0.0,0,1.3
165.0,81,jps-checkpoints_0,exit_B_right,0.000717573031249378,1,exit_B_right,jps-checkpoints_0 > exit_B_right,11.0,3.7818410992622375,12.180707851966856,0.0017858514875136325,219.0191189742982,False,fallback: next_node_not_visible,0.0,11,1.3
165.0,81,jps-checkpoints_0,exit_B_right,0.000717573031249378,2,exit_A_left,jps-checkpoints_0 > exit_A_left,18.0,2.6251036578958686,17.569963473403607,0.0023322081760337172,254.28265129238852,True,next_node_not_visible,0.0,0,1.3
166.0,75,jps-checkpoints_0,exit_B_right,0.002568830563529326,1,exit_B_right,jps-checkpoints_0 > exit_B_right,11.0,3.325834609568119,11.567639204609547,0.003977507396869792,193.96067860021523,False,fallback: next_node_not_visible,0.0,11,1.3
166.0,75,jps-checkpoints_0,exit_B_right,0.002568830563529326,2,exit_A_left,jps-checkpoints_0 > exit_A_left,18.0,2.7635186368768867,17.82270025730073,0.004348476341364378,266.7601620823334,True,next_node_not_visible,0.0,0,1.3
167.0,76,jps-checkpoints_0,exit_B_right,0.0018645788776413712,1,exit_B_right,jps-checkpoints_0 > exit_B_right,11.0,3.3584870249032974,11.6094793912562,0.003845254941778761,195.75523891909916,False,fallback: next_node_not_visible,0.0,11,1.3
167.0,76,jps-checkpoints_0,exit_B_right,0.0018645788776413712,2,exit_A_left,jps-checkpoints_0 > exit_A_left,18.0,3.0101267207752573,18.291482020656037,0.0033848984625328383,288.94525385439846,True,next_node_not_visible,0.0,0,1.3
169.0,84,jps-checkpoints_0,exit_B_right,0.0005089771642329247,1,exit_B_right,jps-checkpoints_0 > exit_B_right,11.0,3.4157977402210236,11.683652765689144,0.002624548313541447,198.89512119529172,False,fallback: next_node_not_visible,0.0,11,1.3
169.0,84,jps-checkpoints_0,exit_B_right,0.0005089771642329247,2,exit_A_left,jps-checkpoints_0 > exit_A_left,18.0,3.0010709545829077,18.273832020002082,0.001761684642163696,288.11400275888326,True,next_node_not_visible,0.0,0,1.3
170.0,78,jps-checkpoints_0,exit_B_right,0.00417992914828179,1,exit_B_right,jps-checkpoints_0 > exit_B_right,11.0,3.323652684688568,11.564854074375193,0.005664844577317779,193.85754610364444,False,fallback: next_node_not_visible,0.0,11,1.3
170.0,78,jps-checkpoints_0,exit_B_right,0.00417992914828179,2,exit_A_left,jps-checkpoints_0 > exit_A_left,18.0,2.926974134011702,18.13068431174496,0.005718013917509468,281.4848522002283,True,next_node_not_visible,0.0,0,1.3
172.0,82,jps-checkpoints_0,exit_B_right,0.0013550286716503092,1,exit_B_right,jps-checkpoints_0 > exit_B_right,11.0,3.332300141453743,11.57590005168219,0.0023742468450997185,194.30025024840685,False,fallback: next_node_not_visible,0.0,11,1.3
172.0,82,jps-checkpoints_0,exit_B_right,0.0013550286716503092,2,exit_A_left,jps-checkpoints_0 > exit_A_left,18.0,3.072062123905529,18.41311634930862,0.003682858789167333,294.52241973938925,True,next_node_not_visible,0.0,0,1.3
172.0,86,jps-checkpoints_0,exit_B_right,0.0004743308292237727,1,exit_B_right,jps-checkpoints_0 > exit_B_right,11.0,3.332300141453743,11.57590005168219,0.0014935490026731823,194.2914432699826,False,fallback: next_node_not_visible,0.0,11,1.3
172.0,86,jps-checkpoints_0,exit_B_right,0.0004743308292237727,2,exit_A_left,jps-checkpoints_0 > exit_A_left,18.0,3.072062123905529,18.41311634930862,0.0028021609467407966,294.51361276096503,True,next_node_not_visible,0.0,0,1.3
173.0,80,jps-checkpoints_0,exit_B_right,0.004552176918959765,1,exit_B_right,jps-checkpoints_0 > exit_B_right,11.0,3.3631536215543747,11.615483812262285,0.005250726401669262,196.0259564495073,False,fallback: next_node_not_visible,0.0,11,1.3
173.0,80,jps-checkpoints_0,exit_B_right,0.004552176918959765,2,exit_A_left,jps-checkpoints_0 > exit_A_left,18.0,3.152399930087003,18.573322009345706,0.006755114532388684,301.7835448531542,True,next_node_not_visible,0.0,0,1.3
173.0,83,jps-checkpoints_0,exit_B_right,0.0012079939273533205,1,exit_B_right,jps-checkpoints_0 > exit_B_right,11.0,3.3631536215543747,11.615483812262285,0.0019065434100628176,195.99251461959125,False,fallback: next_node_not_visible,0.0,11,1.3
173.0,83,jps-checkpoints_0,exit_B_right,0.0012079939273533205,2,exit_A_left,jps-checkpoints_0 > exit_A_left,18.0,3.152399930087003,18.573322009345706,0.0034109315407822396,301.7501030232381,True,next_node_not_visible,0.0,0,1.3
174.0,79,jps-checkpoints_0,exit_B_right,0.002585960949837169,1,exit_B_right,jps-checkpoints_0 > exit_B_right,11.0,2.9841356426477432,11.147226298507388,0.003147255038342291,175.1589328960093,False,fallback: next_node_not_visible,0.0,11,1.3
174.0,79,jps-checkpoints_0,exit_B_right,0.002585960949837169,2,exit_A_left,jps-checkpoints_0 > exit_A_left,18.0,3.2375627864490855,18.746221837391342,0.004899711368981275,309.4296478941075,True,next_node_not_visible,0.0,0,1.3
174.0,85,jps-checkpoints_0,exit_B_right,0.000869124971570193,1,exit_B_right,jps-checkpoints_0 > exit_B_right,11.0,2.9841356426477432,11.147226298507388,0.001430419060075315,175.14176453622662,False,fallback: next_node_not_visible,0.0,11,1.3
174.0,85,jps-checkpoints_0,exit_B_right,0.000869124971570193,2,exit_A_left,jps-checkpoints_0 > exit_A_left,18.0,3.2375627864490855,18.746221837391342,0.0031828753907143,309.4124795343248,True,next_node_not_visible,0.0,0,1.3
175.0,81,jps-checkpoints_0,exit_B_right,0.005081976680210405,1,exit_B_right,jps-checkpoints_0 > exit_B_right,11.0,2.5676584392786026,10.674378394758284,0.005444672024545381,152.2756608805686,False,fallback: next_node_not_visible,0.0,11,1.3
175.0,81,jps-checkpoints_0,exit_B_right,0.005081976680210405,2,exit_A_left,jps-checkpoints_0 > exit_A_left,18.0,3.2692060470581055,18.811287897797733,0.007377102060662194,312.3023152558361,True,next_node_not_visible,0.0,0,1.3
177.0,87,jps-checkpoints_0,exit_B_right,0.0008146335102981229,1,exit_B_right,jps-checkpoints_0 > exit_B_right,11.0,3.1891795694828033,11.395755645270377,0.0025211180680933696,186.43008750223512,False,fallback: next_node_not_visible,0.0,10,1.3
177.0,87,jps-checkpoints_0,exit_B_right,0.0008146335102981229,2,exit_A_left,jps-checkpoints_0 > exit_A_left,18.0,3.474582477049394,19.244822781982933,0.0032583497047778713,330.7450064314932,True,next_node_not_visible,0.0,0,1.3
178.0,89,jps-checkpoints_0,exit_B_right,0.0004754289399445359,1,exit_B_right,jps-checkpoints_0 > exit_B_right,11.0,3.257953777909279,11.481615978084157,0.0022387395663200343,190.20984518067354,False,fallback: next_node_not_visible,0.0,11,1.3
178.0,89,jps-checkpoints_0,exit_B_right,0.0004754289399445359,2,exit_A_left,jps-checkpoints_0 > exit_A_left,18.0,3.5933955582705415,19.50487608383599,0.002549378388301898,341.43109402823177,True,next_node_not_visible,0.0,0,1.3
179.0,84,jps-checkpoints_0,exit_B_right,0.0015874517581102158,1,exit_B_right,jps-checkpoints_0 > exit_B_right,11.0,3.228427693247795,11.44459650905978,0.0023708866315899696,188.58723199494463,False,fallback: next_node_not_visible,0.0,11,1.3
179.0,84,jps-checkpoints_0,exit_B_right,0.0015874517581102158,2,exit_A_left,jps-checkpoints_0 > exit_A_left,18.0,3.532705545425415,19.371168131654862,0.0034181895361173834,335.97768098364855,True,next_node_not_visible,0.0,0,1.3
182.0,82,jps-checkpoints_0,exit_B_right,0.004365082293692219,1,exit_B_right,jps-checkpoints_0 > exit_B_right,11.0,3.93045312166214,12.394793015936658,0.005287782258746042,227.22779951400514,False,fallback: next_node_not_visible,0.0,12,1.3
182.0,82,jps-checkpoints_0,exit_B_right,0.004365082293692219,2,exit_A_left,jps-checkpoints_0 > exit_A_left,18.0,3.257636460390958,18.7874457642898,0.007302912054911872,311.2603105557354,True,next_node_not_visible,0.0,0,1.3
182.0,86,jps-checkpoints_0,exit_B_right,0.0021036928019620388,1,exit_B_right,jps-checkpoints_0 > exit_B_right,11.0,3.93045312166214,12.394793015936658,0.0030263927670158616,227.20518561908784,False,fallback: next_node_not_visible,0.0,12,1.3
182.0,86,jps-checkpoints_0,exit_B_right,0.0021036928019620388,2,exit_A_left,jps-checkpoints_0 > exit_A_left,18.0,3.257636460390958,18.7874457642898,0.005041522563181692,311.2376966608181,True,next_node_not_visible,0.0,0,1.3
182.0,88,jps-checkpoints_0,exit_B_right,0.0013318795424236696,1,exit_B_right,jps-checkpoints_0 > exit_B_right,11.0,3.93045312166214,12.394793015936658,0.0022545795074774924,227.19746748649246,False,fallback: next_node_not_visible,0.0,12,1.3
182.0,88,jps-checkpoints_0,exit_B_right,0.0013318795424236696,2,exit_A_left,jps-checkpoints_0 > exit_A_left,18.0,3.257636460390958,18.7874457642898,0.004269709303643322,311.2299785282227,True,next_node_not_visible,0.0,0,1.3
183.0,83,jps-checkpoints_0,exit_B_right,0.0070817683208427564,1,exit_B_right,jps-checkpoints_0 > exit_B_right,11.0,4.681739568710327,13.60348559586128,0.014335979290119828,268.6390360719692,False,fallback: next_node_not_visible,0.0,11,1.3
183.0,83,jps-checkpoints_0,exit_B_right,0.0070817683208427564,2,exit_A_left,jps-checkpoints_0 > exit_A_left,18.0,3.2501919269561768,18.772136302422577,0.00957823523480084,310.6130557784039,True,next_node_not_visible,0.0,0,1.3
184.0,85,jps-checkpoints_0,exit_B_right,0.0020967504703193565,1,exit_B_right,jps-checkpoints_0 > exit_B_right,11.0,4.151287317276001,12.727191475244293,0.0037003188054608666,239.35780563823465,False,fallback: next_node_not_visible,0.0,12,1.3
184.0,85,jps-checkpoints_0,exit_B_right,0.0020967504703193565,2,exit_A_left,jps-checkpoints_0 > exit_A_left,18.0,3.339250001040372,18.956933803166475,0.0040119152012703,318.57261924564625,True,next_node_not_visible,0.0,0,1.3
187.0,87,jps-checkpoints_0,exit_B_right,0.006032447284604815,1,exit_B_right,jps-checkpoints_0 > exit_B_right,11.0,4.512651592493057,13.31133593084998,0.008103725503397757,259.27687484215215,False,fallback: next_node_not_visible,0.0,10,1.3
187.0,87,jps-checkpoints_0,exit_B_right,0.006032447284604815,2,exit_A_left,jps-checkpoints_0 > exit_A_left,18.0,3.125029195438732,18.518428477655362,0.007846004340586831,299.33108763289175,True,next_node_not_visible,0.0,0,1.3
188.0,89,jps-checkpoints_0,exit_B_right,0.003651862927639626,1,exit_B_right,jps-checkpoints_0 > exit_B_right,11.0,4.15468567609787,12.732446012502294,0.004974966585287184,239.55746185123573,False,fallback: next_node_not_visible,0.0,10,1.3
188.0,89,jps-checkpoints_0,exit_B_right,0.003651862927639626,2,exit_A_left,jps-checkpoints_0 > exit_A_left,18.0,3.0567197582938452,18.382835146658387,0.004971756583353143,293.15449581227955,True,next_node_not_visible,0.0,0,1.3
188.0,90,jps-checkpoints_0,exit_B_right,0.0016559459086290286,1,exit_B_right,jps-checkpoints_0 > exit_B_right,11.0,4.15468567609787,12.732446012502294,0.0029790495662765865,239.5375026810456,False,fallback: next_node_not_visible,0.0,10,1.3
188.0,90,jps-checkpoints_0,exit_B_right,0.0016559459086290286,2,exit_A_left,jps-checkpoints_0 > exit_A_left,18.0,3.0567197582938452,18.382835146658387,0.0029758395643425446,293.1345366420894,True,next_node_not_visible,0.0,0,1.3
188.0,91,jps-checkpoints_0,exit_B_right,0.0013061021881918186,1,exit_B_right,jps-checkpoints_0 > exit_B_right,11.0,4.15468567609787,12.732446012502294,0.0026292058458393767,239.53400424384122,False,fallback: next_node_not_visible,0.0,10,1.3
188.0,91,jps-checkpoints_0,exit_B_right,0.0013061021881918186,2,exit_A_left,jps-checkpoints_0 > exit_A_left,18.0,3.0567197582938452,18.382835146658387,0.0026259958439053344,293.13103820488504,True,next_node_not_visible,0.0,0,1.3
188.0,92,jps-checkpoints_0,exit_B_right,0.0010745411957454136,1,exit_B_right,jps-checkpoints_0 > exit_B_right,11.0,4.15468567609787,12.732446012502294,0.0023976448533929717,239.5316886339168,False,fallback: next_node_not_visible,0.0,10,1.3
188.0,92,jps-checkpoints_0,exit_B_right,0.0010745411957454136,2,exit_A_left,jps-checkpoints_0 > exit_A_left,18.0,3.0567197582938452,18.382835146658387,0.0023944348514589294,293.1287225949606,True,next_node_not_visible,0.0,0,1.3
192.0,88,jps-checkpoints_0,exit_B_right,0.002887134749590115,1,exit_B_right,jps-checkpoints_0 > exit_B_right,11.0,4.141811370849609,12.712562661749768,0.0038775698669649876,238.83840109539815,False,fallback: next_node_not_visible,0.0,12,1.3
192.0,88,jps-checkpoints_0,exit_B_right,0.002887134749590115,2,exit_A_left,jps-checkpoints_0 > exit_A_left,18.0,3.381685040213845,19.046273343915523,0.004499164265830463,322.3966452619044,True,next_node_not_visible,0.0,0,1.3
193.0,93,jps-checkpoints_0,exit_B_right,0.0016584934847233832,1,exit_B_right,jps-checkpoints_0 > exit_B_right,11.0,4.311484903097153,12.979698800335045,0.0030052967715608523,248.16172263805902,False,fallback: next_node_not_visible,0.0,12,1.3
193.0,93,jps-checkpoints_0,exit_B_right,0.0016584934847233832,2,exit_A_left,jps-checkpoints_0 > exit_A_left,18.0,3.3275782845237036,18.932507824626565,0.003426933430078327,317.51631494143413,True,next_node_not_visible,0.0,0,1.3
194.0,94,jps-checkpoints_0,exit_B_right,0.0016323290367182676,1,exit_B_right,jps-checkpoints_0 > exit_B_right,11.0,4.851900786161423,13.910728225047997,0.0034656021436599176,277.88919926031485,False,fallback: next_node_not_visible,0.0,13,1.3
194.0,94,jps-checkpoints_0,exit_B_right,0.0016323290367182676,2,exit_A_left,jps-checkpoints_0 > exit_A_left,18.0,3.238747098229148,18.748648954773373,0.0034578934470780786,309.5218177750941,True,next_node_not_visible,0.0,0,1.3
194.0,95,jps-checkpoints_0,exit_B_right,0.0015047112834882222,1,exit_B_right,jps-checkpoints_0 > exit_B_right,11.0,4.851900786161423,13.910728225047997,0.003337984390429872,277.88792308278255,False,fallback: next_node_not_visible,0.0,13,1.3
194.0,95,jps-checkpoints_0,exit_B_right,0.0015047112834882222,2,exit_A_left,jps-checkpoints_0 > exit_A_left,18.0,3.238747098229148,18.748648954773373,0.0033302756938480334,309.5205415975618,True,next_node_not_visible,0.0,0,1.3
196.0,96,jps-checkpoints_0,exit_B_right,0.0013950216640037033,1,exit_B_right,jps-checkpoints_0 > exit_B_right,11.0,4.220097869634628,12.834438515982518,0.0033874987272671164,243.13925781717722,False,fallback: next_node_not_visible,0.0,13,1.3
196.0,96,jps-checkpoints_0,exit_B_right,0.0013950216640037033,2,exit_A_left,jps-checkpoints_0 > exit_A_left,18.0,3.2291931239041416,18.729087026739975,0.0028763689154872535,308.65614484052765,True,next_node_not_visible,0.0,0,1.3
198.0,89,jps-checkpoints_0,exit_B_right,0.014463725546918976,1,exit_B_right,jps-checkpoints_0 > exit_B_right,11.0,3.9760183095932007,12.461948147808396,0.015553728329417267,229.8365443109202,False,fallback: next_node_not_visible,0.0,13,1.3
198.0,89,jps-checkpoints_0,exit_B_right,0.014463725546918976,2,exit_A_left,jps-checkpoints_0 > exit_A_left,18.0,3.2814407348632812,18.836566564772305,0.015702219573859748,313.4866883334339,True,next_node_not_visible,0.0,0,1.3
198.0,90,jps-checkpoints_0,exit_B_right,0.005705795223984643,1,exit_B_right,jps-checkpoints_0 > exit_B_right,11.0,3.9760183095932007,12.461948147808396,0.006795798006482935,229.74896500769086,False,fallback: next_node_not_visible,0.0,13,1.3
198.0,90,jps-checkpoints_0,exit_B_right,0.005705795223984643,2,exit_A_left,jps-checkpoints_0 > exit_A_left,18.0,3.2814407348632812,18.836566564772305,0.006944289250925415,313.39910903020456,True,next_node_not_visible,0.0,0,1.3
198.0,91,jps-checkpoints_0,exit_B_right,0.0026065351423998815,1,exit_B_right,jps-checkpoints_0 > exit_B_right,11.0,3.9760183095932007,12.461948147808396,0.003696537924898174,229.71797240687502,False,fallback: next_node_not_visible,0.0,13,1.3
198.0,91,jps-checkpoints_0,exit_B_right,0.0026065351423998815,2,exit_A_left,jps-checkpoints_0 > exit_A_left,18.0,3.2814407348632812,18.836566564772305,0.003845029169340654,313.3681164293887,True,next_node_not_visible,0.0,0,1.3
198.0,92,jps-checkpoints_0,exit_B_right,0.002530935992176523,1,exit_B_right,jps-checkpoints_0 > exit_B_right,11.0,3.9760183095932007,12.461948147808396,0.0036209387746748154,229.71721641537277,False,fallback: next_node_not_visible,0.0,13,1.3
198.0,92,jps-checkpoints_0,exit_B_right,0.002530935992176523,2,exit_A_left,jps-checkpoints_0 > exit_A_left,18.0,3.2814407348632812,18.836566564772305,0.0037694300191172952,313.3673604378865,True,next_node_not_visible,0.0,0,1.3
198.0,99,jps-checkpoints_0,exit_B_right,0.0006094921576149209,1,exit_B_right,jps-checkpoints_0 > exit_B_right,11.0,3.9760183095932007,12.461948147808396,0.0016994949401132131,229.69800197702716,False,fallback: next_node_not_visible,0.0,13,1.3
198.0,99,jps-checkpoints_0,exit_B_right,0.0006094921576149209,2,exit_A_left,jps-checkpoints_0 > exit_A_left,18.0,3.2814407348632812,18.836566564772305,0.0018479861845556935,313.34814599954086,True,next_node_not_visible,0.0,0,1.3
199.0,97,jps-checkpoints_0,exit_B_right,0.0013993258835306402,1,exit_B_right,jps-checkpoints_0 > exit_B_right,11.0,4.2377157509326935,12.862188724625438,0.0032761910247763038,244.1071282115459,False,fallback: next_node_not_visible,0.0,13,1.3
199.0,97,jps-checkpoints_0,exit_B_right,0.0013993258835306402,2,exit_A_left,jps-checkpoints_0 > exit_A_left,18.0,3.3753235773606733,19.032826780472902,0.002902317511771459,321.8081451375783,True,next_node_not_visible,0.0,0,1.3
202.0,98,jps-checkpoints_0,exit_B_right,0.001653133958383837,1,exit_B_right,jps-checkpoints_0 > exit_B_right,11.0,4.099488765001297,12.647634124058648,0.0044290657854876075,236.5161727329262,False,fallback: next_node_not_visible,0.0,12,1.3
202.0,98,jps-checkpoints_0,exit_B_right,0.001653133958383837,2,exit_A_left,jps-checkpoints_0 > exit_A_left,18.0,3.6539270227605645,19.640086069063837,0.004508997896729392,346.89852202741804,True,next_node_not_visible,0.0,0,1.3
203.0,93,jps-checkpoints_0,exit_B_right,0.0030051383761104463,1,exit_B_right,jps-checkpoints_0 > exit_B_right,11.0,3.8338803499937057,12.254827197417502,0.004623002875903285,221.90964927841284,False,fallback: next_node_not_visible,0.0,12,1.3
203.0,93,jps-checkpoints_0,exit_B_right,0.0030051383761104463,2,exit_A_left,jps-checkpoints_0 > exit_A_left,18.0,3.706148689443415,19.75824963405069,0.005954654462542245,351.61292859453283,True,next_node_not_visible,0.0,0,1.3
204.0,94,jps-checkpoints_0,exit_B_right,0.003440483123016268,1,exit_B_right,jps-checkpoints_0 > exit_B_right,11.0,3.586142510175705,11.909822005437164,0.004361394420836697,208.28145200387215,False,fallback: next_node_not_visible,0.0,12,1.3
204.0,94,jps-checkpoints_0,exit_B_right,0.003440483123016268,2,exit_A_left,jps-checkpoints_0 > exit_A_left,18.0,3.7546183412725274,19.869202829202393,0.006183962388093908,355.97749033840836,True,next_node_not_visible,0.0,0,1.3
204.0,95,jps-checkpoints_0,exit_B_right,0.0032236024434440305,1,exit_B_right,jps-checkpoints_0 > exit_B_right,11.0,3.586142510175705,11.909822005437164,0.00414451374126446,208.2792831970764,False,fallback: next_node_not_visible,0.0,12,1.3
204.0,95,jps-checkpoints_0,exit_B_right,0.0032236024434440305,2,exit_A_left,jps-checkpoints_0 > exit_A_left,18.0,3.7546183412725274,19.869202829202393,0.005967081708521671,355.9753215316126,True,next_node_not_visible,0.0,0,1.3
206.0,96,jps-checkpoints_0,exit_B_right,0.004782498958801474,1,exit_B_right,jps-checkpoints_0 > exit_B_right,11.0,3.998114049434662,12.494776099651393,0.006069476790027345,230.9569674868067,False,fallback: next_node_not_visible,0.0,11,1.3
206.0,96,jps-checkpoints_0,exit_B_right,0.004782498958801474,2,exit_A_left,jps-checkpoints_0 > exit_A_left,18.0,3.8357680710879243,20.05778099543467,0.008097895197649342,363.3001053498897,True,next_node_not_visible,0.0,0,1.3
206.0,100,jps-checkpoints_0,exit_B_right,0.0015596475421942358,1,exit_B_right,jps-checkpoints_0 > exit_B_right,11.0,3.998114049434662,12.494776099651393,0.002846625373420107,230.9247389726406,False,fallback: next_node_not_visible,0.0,11,1.3
206.0,100,jps-checkpoints_0,exit_B_right,0.0015596475421942358,2,exit_A_left,jps-checkpoints_0 > exit_A_left,18.0,3.8357680710879243,20.05778099543467,0.004875043781042105,363.26787683572365,True,next_node_not_visible,0.0,0,1.3
207.0,103,jps-checkpoints_0,exit_B_right,0.0007809171809771403,1,exit_B_right,jps-checkpoints_0 > exit_B_right,11.0,4.2185218334198,12.831961909815464,0.0040418103193288046,243.05911894128226,False,fallback: next_node_not_visible,0.0,10,1.3
207.0,103,jps-checkpoints_0,exit_B_right,0.0007809171809771403,2,exit_A_left,jps-checkpoints_0 > exit_A_left,18.0,3.9481717456470835,20.32497980475192,0.003640794851159325,373.3718650567491,True,next_node_not_visible,0.0,0,1.3
208.0,99,jps-checkpoints_0,exit_B_right,0.003906044695085625,1,exit_B_right,jps-checkpoints_0 > exit_B_right,11.0,3.8968663215637207,12.345753482370304,0.005298069369225998,225.3806283796969,False,fallback: next_node_not_visible,0.0,11,1.3
208.0,99,jps-checkpoints_0,exit_B_right,0.003906044695085625,2,exit_A_left,jps-checkpoints_0 > exit_A_left,18.0,4.165206649086692,20.861576294772348,0.006453480840410064,392.9331332262064,True,next_node_not_visible,0.0,0,1.3
208.0,102,jps-checkpoints_0,exit_B_right,0.0012601635026508447,1,exit_B_right,jps-checkpoints_0 > exit_B_right,11.0,3.8968663215637207,12.345753482370304,0.0026521881767912177,225.35416956777254,False,fallback: next_node_not_visible,0.0,11,1.3
208.0,102,jps-checkpoints_0,exit_B_right,0.0012601635026508447,2,exit_A_left,jps-checkpoints_0 > exit_A_left,18.0,4.165206649086692,20.861576294772348,0.0038075996479752837,392.906674414282,True,next_node_not_visible,0.0,0,1.3
209.0,97,jps-checkpoints_0,exit_B_right,0.004162384252141191,1,exit_B_right,jps-checkpoints_0 > exit_B_right,11.0,4.021105960011482,12.529119628502247,0.0061763252468414395,232.22259105309993,False,fallback: next_node_not_visible,0.0,11,1.3
209.0,97,jps-checkpoints_0,exit_B_right,0.004162384252141191,2,exit_A_left,jps-checkpoints_0 > exit_A_left,18.0,4.388292399319735,21.443485642925957,0.0071623911091022886,413.01793984986716,True,next_node_not_visible,0.0,0,1.3
210.0,101,jps-checkpoints_0,exit_B_right,0.002067943461816018,1,exit_B_right,jps-checkpoints_0 > exit_B_right,11.0,3.7562717497348785,12.14461702339495,0.003044756577636235,217.6253938011947,False,fallback: next_node_not_visible,0.0,11,1.3
210.0,101,jps-checkpoints_0,exit_B_right,0.002067943461816018,2,exit_A_left,jps-checkpoints_0 > exit_A_left,18.0,4.42402044209567,21.539710098545374,0.004843615900426703,416.2102759476146,True,next_node_not_visible,0.0,0,1.3
212.0,98,jps-checkpoints_0,exit_B_right,0.00327415211072499,1,exit_B_right,jps-checkpoints_0 > exit_B_right,11.0,4.252107858657837,12.884947177901115,0.004575411359800587,244.91168633977904,False,fallback: next_node_not_visible,0.0,11,1.3
212.0,98,jps-checkpoints_0,exit_B_right,0.00327415211072499,2,exit_A_left,jps-checkpoints_0 > exit_A_left,18.0,4.299108396876942,21.20700118542161,0.005467670360632103,404.97443242253115,True,next_node_not_visible,0.0,0,1.3
215.0,104,jps-checkpoints_0,exit_B_right,0.002038452709110492,1,exit_B_right,jps-checkpoints_0 > exit_B_right,11.0,4.485892623662949,13.266248036682997,0.0050483671472206625,257.77457797293437,False,fallback: next_node_not_visible,0.0,12,1.3
215.0,104,jps-checkpoints_0,exit_B_right,0.002038452709110492,2,exit_A_left,jps-checkpoints_0 > exit_A_left,18.0,4.100990317084572,20.69987949123484,0.0044950603221335095,387.13407914083285,True,next_node_not_visible,0.0,0,1.3
215.0,106,jps-checkpoints_0,exit_B_right,0.0012139853923069156,1,exit_B_right,jps-checkpoints_0 > exit_B_right,11.0,4.485892623662949,13.266248036682997,0.0042238998304170855,257.76633329976636,False,fallback: next_node_not_visible,0.0,12,1.3
215.0,106,jps-checkpoints_0,exit_B_right,0.0012139853923069156,2,exit_A_left,jps-checkpoints_0 > exit_A_left,18.0,4.100990317084572,20.69987949123484,0.0036705930053299333,387.12583446766484,True,next_node_not_visible,0.0,0,1.3
216.0,100,jps-checkpoints_0,exit_B_right,0.011215177946331907,1,exit_B_right,jps-checkpoints_0 > exit_B_right,11.0,3.817354440689087,12.231191840963879,0.012527626545238474,221.07977050335217,False,fallback: next_node_not_visible,0.0,11,1.3
216.0,100,jps-checkpoints_0,exit_B_right,0.011215177946331907,2,exit_A_left,jps-checkpoints_0 > exit_A_left,18.0,4.204351360147649,20.961387948198833,0.013793377428371839,396.52955618757215,True,next_node_not_visible,0.0,0,1.3
217.0,103,jps-checkpoints_0,exit_B_right,0.004100742131837934,1,exit_B_right,jps-checkpoints_0 > exit_B_right,11.0,4.630665957927704,13.513897930356773,0.007139226247919627,265.7580199485029,False,fallback: next_node_not_visible,0.0,11,1.3
217.0,103,jps-checkpoints_0,exit_B_right,0.004100742131837934,2,exit_A_left,jps-checkpoints_0 > exit_A_left,18.0,4.23824784972451,21.04859243292106,0.006365786954352824,399.5059643447494,True,next_node_not_visible,0.0,0,1.3
218.0,102,jps-checkpoints_0,exit_B_right,0.003036352979769999,1,exit_B_right,jps-checkpoints_0 > exit_B_right,11.0,5.421573370695114,15.048596544683665,0.004762267391026321,309.23415806214155,False,fallback: next_node_not_visible,0.0,12,1.3
218.0,102,jps-checkpoints_0,exit_B_right,0.003036352979769999,2,exit_A_left,jps-checkpoints_0 > exit_A_left,18.0,4.132803830233487,20.779671449955703,0.005122704414827735,390.0035717651622,True,next_node_not_visible,0.0,0,1.3
220.0,101,jps-checkpoints_0,exit_B_right,0.004001071144466402,1,exit_B_right,jps-checkpoints_0 > exit_B_right,11.0,4.494335979223251,13.280441766529528,0.005422167060928702,258.24270052788813,False,fallback: next_node_not_visible,0.0,13,1.3
220.0,101,jps-checkpoints_0,exit_B_right,0.004001071144466402,2,exit_A_left,jps-checkpoints_0 > exit_A_left,18.0,3.764498060399836,19.891971825083093,0.005991892240526143,356.8647443583905,True,next_node_not_visible,0.0,0,1.3
221.0,105,jps-checkpoints_0,exit_B_right,0.0028733600521603764,1,exit_B_right,jps-checkpoints_0 > exit_B_right,11.0,4.727596640586853,13.684941069744195,0.004893511802155066,271.0667503502985,False,fallback: next_node_not_visible,0.0,13,1.3
221.0,105,jps-checkpoints_0,exit_B_right,0.0028733600521603764,2,exit_A_left,jps-checkpoints_0 > exit_A_left,18.0,3.930664127523249,20.282894727726895,0.0048775704122277115,371.8085471812147,True,next_node_not_visible,0.0,0,1.3
224.0,110,jps-checkpoints_0,exit_B_right,0.0015383427182714153,1,exit_B_right,jps-checkpoints_0 > exit_B_right,11.0,5.31628143787384,14.824471119242292,0.005647821373666826,303.4519572967979,False,fallback: next_node_not_visible,0.0,13,1.3
224.0,110,jps-checkpoints_0,exit_B_right,0.0015383427182714153,2,exit_A_left,jps-checkpoints_0 > exit_A_left,18.0,3.9950568025762383,20.43854770738782,0.003333783159133019,377.58845006345274,True,next_node_not_visible,0.0,0,1.3
225.0,104,jps-checkpoints_0,exit_B_right,0.003841500547283744,1,exit_B_right,jps-checkpoints_0 > exit_B_right,11.0,4.37990728020668,13.09062753541268,0.005343979383578425,251.9483402052032,False,fallback: next_node_not_visible,0.0,11,1.3
225.0,104,jps-checkpoints_0,exit_B_right,0.003841500547283744,2,exit_A_left,jps-checkpoints_0 > exit_A_left,18.0,3.9799749851226807,20.401877374897563,0.005366645317673237,376.251415114218,True,next_node_not_visible,0.0,0,1.3
225.0,106,jps-checkpoints_0,exit_B_right,0.0033612715871806187,1,exit_B_right,jps-checkpoints_0 > exit_B_right,11.0,4.37990728020668,13.09062753541268,0.0048637504234753,251.94353791560218,False,fallback: next_node_not_visible,0.0,11,1.3
225.0,106,jps-checkpoints_0,exit_B_right,0.0033612715871806187,2,exit_A_left,jps-checkpoints_0 > exit_A_left,18.0,3.9799749851226807,20.401877374897563,0.004886416357570113,376.246612824617,True,next_node_not_visible,0.0,0,1.3
225.0,109,jps-checkpoints_0,exit_B_right,0.002055886222369205,1,exit_B_right,jps-checkpoints_0 > exit_B_right,11.0,4.37990728020668,13.09062753541268,0.003558365058663886,251.93048406195405,False,fallback: next_node_not_visible,0.0,11,1.3
225.0,109,jps-checkpoints_0,exit_B_right,0.002055886222369205,2,exit_A_left,jps-checkpoints_0 > exit_A_left,18.0,3.9799749851226807,20.401877374897563,0.003581030992758699,376.23355897096883,True,next_node_not_visible,0.0,0,1.3
226.0,108,jps-checkpoints_0,exit_B_right,0.0025985635772777294,1,exit_B_right,jps-checkpoints_0 > exit_B_right,11.0,4.117228209972382,12.674767895230186,0.0038390312201623325,237.4859418606826,False,fallback: next_node_not_visible,0.0,12,1.3
226.0,108,jps-checkpoints_0,exit_B_right,0.0025985635772777294,2,exit_A_left,jps-checkpoints_0 > exit_A_left,18.0,4.0847016247836025,20.659262303702945,0.003962673671758457,385.6627729672418,True,next_node_not_visible,0.0,0,1.3
228.0,111,jps-checkpoints_0,exit_B_right,0.0020239422007173767,1,exit_B_right,jps-checkpoints_0 > exit_B_right,11.0,4.066475734114647,12.597446338842651,0.0034849707855523207,234.6910150841611,False,fallback: next_node_not_visible,0.0,13,1.3
228.0,111,jps-checkpoints_0,exit_B_right,0.0020239422007173767,2,exit_A_left,jps-checkpoints_0 > exit_A_left,18.0,4.178962620821866,20.89654292980798,0.003984650786950384,394.14648238183753,True,next_node_not_visible,0.0,0,1.3
229.0,107,jps-checkpoints_0,exit_B_right,0.0037293422496381644,1,exit_B_right,jps-checkpoints_0 > exit_B_right,11.0,4.055666759610176,12.581100528188282,0.004851740766140491,234.11018918622108,False,fallback: next_node_not_visible,0.0,12,1.3
229.0,107,jps-checkpoints_0,exit_B_right,0.0037293422496381644,2,exit_A_left,jps-checkpoints_0 > exit_A_left,18.0,4.28187894821167,21.161914677222097,0.006410554018183077,403.43321087923215,True,next_node_not_visible,0.0,0,1.3
231.0,105,jps-checkpoints_0,exit_B_right,0.014755358835118488,1,exit_B_right,jps-checkpoints_0 > exit_B_right,11.0,4.222544193267822,12.838284598567395,0.015947275959132656,243.39940338932155,False,fallback: next_node_not_visible,0.0,12,1.3
231.0,105,jps-checkpoints_0,exit_B_right,0.014755358835118488,2,exit_A_left,jps-checkpoints_0 > exit_A_left,18.0,4.411890159953725,21.50694356840032,0.01808422172562395,415.25095661309143,True,next_node_not_visible,0.0,0,1.3
233.0,112,jps-checkpoints_0,exit_B_right,0.0028018129045551117,1,exit_B_right,jps-checkpoints_0 > exit_B_right,11.0,4.450832948088646,13.207633970231024,0.004675455237615149,255.84256669725167,False,fallback: next_node_not_visible,0.0,13,1.3
233.0,112,jps-checkpoints_0,exit_B_right,0.0028018129045551117,2,exit_A_left,jps-checkpoints_0 > exit_A_left,18.0,4.566782431168989,21.932980349643774,0.007186680242381704,429.08228560763285,True,next_node_not_visible,0.0,0,1.3
234.0,110,jps-checkpoints_0,exit_B_right,0.0060479607415835236,1,exit_B_right,jps-checkpoints_0 > exit_B_right,11.0,4.552457869052887,13.378978012043014,0.008254787262336995,261.46773067053215,False,fallback: next_node_not_visible,0.0,14,1.3
234.0,110,jps-checkpoints_0,exit_B_right,0.0060479607415835236,2,exit_A_left,jps-checkpoints_0 > exit_A_left,18.0,4.446657505902377,21.601125505069,0.010034362447122188,418.2995191556851,True,next_node_not_visible,0.0,0,1.3
235.0,109,jps-checkpoints_0,exit_B_right,0.004088386737356671,1,exit_B_right,jps-checkpoints_0 > exit_B_right,11.0,4.618232011795044,13.492265997196736,0.007394107658985518,265.07670172531726,False,fallback: next_node_not_visible,0.0,14,1.3
235.0,109,jps-checkpoints_0,exit_B_right,0.004088386737356671,2,exit_A_left,jps-checkpoints_0 > exit_A_left,18.0,4.513471928509799,21.784455834008885,0.007474973815594652,424.2872233040378,True,next_node_not_visible,0.0,0,1.3
236.0,108,jps-checkpoints_0,exit_B_right,0.0044601178413978225,1,exit_B_right,jps-checkpoints_0 > exit_B_right,11.0,4.955195933580399,14.10410131023345,0.009123595140222773,283.62701229832413,False,fallback: next_node_not_visible,0.0,15,1.3
236.0,108,jps-checkpoints_0,exit_B_right,0.0044601178413978225,2,exit_A_left,jps-checkpoints_0 > exit_A_left,18.0,4.629062435843728,22.109079781453858,0.007424899925986369,434.68986822519537,True,next_node_not_visible,0.0,0,1.3
236.0,113,jps-checkpoints_0,exit_B_right,0.003007958992245032,1,exit_B_right,jps-checkpoints_0 > exit_B_right,11.0,4.955195933580399,14.10410131023345,0.007671436291069983,283.6124907098326,False,fallback: next_node_not_visible,0.0,15,1.3
236.0,113,jps-checkpoints_0,exit_B_right,0.003007958992245032,2,exit_A_left,jps-checkpoints_0 > exit_A_left,18.0,4.629062435843728,22.109079781453858,0.005972741076833578,434.67534663670386,True,next_node_not_visible,0.0,0,1.3
238.0,111,jps-checkpoints_0,exit_B_right,0.007346869068577453,1,exit_B_right,jps-checkpoints_0 > exit_B_right,11.0,4.966375797986984,14.125353422418664,0.012109490431366525,284.2717637935978,False,fallback: next_node_not_visible,0.0,16,1.3
238.0,111,jps-checkpoints_0,exit_B_right,0.007346869068577453,2,exit_A_left,jps-checkpoints_0 > exit_A_left,18.0,4.980244029651988,23.157499239645606,0.010078851005829115,466.32275117873724,True,next_node_not_visible,0.0,0,1.3
238.0,116,jps-checkpoints_0,exit_B_right,0.002016997497424949,1,exit_B_right,jps-checkpoints_0 > exit_B_right,11.0,4.966375797986984,14.125353422418664,0.00677961886021402,284.21846507788626,False,fallback: next_node_not_visible,0.0,16,1.3
238.0,116,jps-checkpoints_0,exit_B_right,0.002016997497424949,2,exit_A_left,jps-checkpoints_0 > exit_A_left,18.0,4.980244029651988,23.157499239645606,0.004748979434676609,466.2694524630257,True,next_node_not_visible,0.0,0,1.3
239.0,107,jps-checkpoints_0,exit_B_right,0.005072379469184709,1,exit_B_right,jps-checkpoints_0 > exit_B_right,11.0,4.545856669545174,13.367713205444378,0.006682645060623356,261.0889432755908,False,fallback: next_node_not_visible,0.0,16,1.3
239.0,107,jps-checkpoints_0,exit_B_right,0.005072379469184709,2,exit_A_left,jps-checkpoints_0 > exit_A_left,18.0,4.88604753667658,22.866648673537927,0.00800752830835366,457.8243535839757,True,next_node_not_visible,0.0,0,1.3
240.0,114,jps-checkpoints_0,exit_B_right,0.003613924042068631,1,exit_B_right,jps-checkpoints_0 > exit_B_right,11.0,4.9090849459171295,14.017119301100838,0.006814192541695529,281.0678139508591,False,fallback: next_node_not_visible,0.0,16,1.3
240.0,114,jps-checkpoints_0,exit_B_right,0.003613924042068631,2,exit_A_left,jps-checkpoints_0 > exit_A_left,18.0,4.69504334709861,22.298755000297756,0.006567744158064897,440.6195786804556,True,next_node_not_visible,0.0,0,1.3
241.0,105,jps-checkpoints_0,exit_B_right,0.019890263324123258,1,exit_B_right,jps-checkpoints_0 > exit_B_right,11.0,4.657955512404442,13.561618919641473,0.020717370098216274,267.39472688322644,False,fallback: next_node_not_visible,0.0,16,1.3
241.0,105,jps-checkpoints_0,exit_B_right,0.019890263324123258,2,exit_A_left,jps-checkpoints_0 > exit_A_left,18.0,4.708381197669289,22.337493420243625,0.022814980258560956,441.9824575928217,True,next_node_not_visible,0.0,0,1.3
241.0,115,jps-checkpoints_0,exit_B_right,0.003377989666684751,1,exit_B_right,jps-checkpoints_0 > exit_B_right,11.0,4.657955512404442,13.561618919641473,0.004205096440777767,267.2296041466521,False,fallback: next_node_not_visible,0.0,16,1.3
241.0,115,jps-checkpoints_0,exit_B_right,0.003377989666684751,2,exit_A_left,jps-checkpoints_0 > exit_A_left,18.0,4.708381197669289,22.337493420243625,0.00630270660112245,441.81733485624727,True,next_node_not_visible,0.0,0,1.3
243.0,112,jps-checkpoints_0,exit_B_right,0.004967737052582087,1,exit_B_right,jps-checkpoints_0 > exit_B_right,11.0,4.869115114212036,13.942585165857219,0.006374439534784416,278.8650756770098,False,fallback: next_node_not_visible,0.0,14,1.3
243.0,112,jps-checkpoints_0,exit_B_right,0.004967737052582087,2,exit_A_left,jps-checkpoints_0 > exit_A_left,18.0,4.321112936193293,21.264863411876625,0.007263510790057768,406.97279936529696,True,next_node_not_visible,0.0,0,1.3
244.0,110,jps-checkpoints_0,exit_B_right,0.013341878288277816,1,exit_B_right,jps-checkpoints_0 > exit_B_right,11.0,4.910659596323967,14.02007196479513,0.01637371618652037,281.25001495968337,False,fallback: next_node_not_visible,0.0,15,1.3
244.0,110,jps-checkpoints_0,exit_B_right,0.013341878288277816,2,exit_A_left,jps-checkpoints_0 > exit_A_left,18.0,4.329630635001442,21.28734605665089,0.01585939092223118,407.82535105935216,True,next_node_not_visible,0.0,0,1.3
244.0,117,jps-checkpoints_0,exit_B_right,0.0030717913848618567,1,exit_B_right,jps-checkpoints_0 > exit_B_right,11.0,4.910659596323967,14.02007196479513,0.006103629283104408,281.1473140906492,False,fallback: next_node_not_visible,0.0,15,1.3
244.0,117,jps-checkpoints_0,exit_B_right,0.0030717913848618567,2,exit_A_left,jps-checkpoints_0 > exit_A_left,18.0,4.329630635001442,21.28734605665089,0.0055893040188152235,407.722650190318,True,next_node_not_visible,0.0,0,1.3
245.0,120,jps-checkpoints_0,exit_B_right,0.0018579627672393052,1,exit_B_right,jps-checkpoints_0 > exit_B_right,11.0,4.436935409903526,13.184542648531757,0.0034824828971135105,255.06627237366507,False,fallback: next_node_not_visible,0.0,14,1.3
245.0,120,jps-checkpoints_0,exit_B_right,0.0018579627672393052,2,exit_A_left,jps-checkpoints_0 > exit_A_left,18.0,4.47014180096713,21.665210717428877,0.005207898014961278,420.3648410671913,True,next_node_not_visible,0.0,0,1.3
246.0,113,jps-checkpoints_0,exit_B_right,0.0049116400385191975,1,exit_B_right,jps-checkpoints_0 > exit_B_right,11.0,5.0901526510715485,14.364996622207427,0.010064231290475624,291.05903812183993,False,fallback: next_node_not_visible,0.0,15,1.3
246.0,113,jps-checkpoints_0,exit_B_right,0.0049116400385191975,2,exit_A_left,jps-checkpoints_0 > exit_A_left,18.0,4.580127737738869,21.970478229782984,0.008754299546319278,430.29903939196146,True,next_node_not_visible,0.0,0,1.3
247.0,121,jps-checkpoints_0,exit_B_right,0.002219258156779891,1,exit_B_right,jps-checkpoints_0 > exit_B_right,11.0,4.780657052993774,13.780417627742876,0.004531171038951494,273.9814496250471,False,fallback: next_node_not_visible,0.0,14,1.3
247.0,121,jps-checkpoints_0,exit_B_right,0.002219258156779891,2,exit_A_left,jps-checkpoints_0 > exit_A_left,18.0,4.809493823484941,22.635600888402614,0.00521997849459541,450.9066438985907,True,next_node_not_visible,0.0,0,1.3
248.0,111,jps-checkpoints_0,exit_B_right,0.01245087181978628,1,exit_B_right,jps-checkpoints_0 > exit_B_right,11.0,4.846998572349548,13.90168277226797,0.014838561595709798,277.7333070951823,False,fallback: next_node_not_visible,0.0,15,1.3
248.0,111,jps-checkpoints_0,exit_B_right,0.01245087181978628,2,exit_A_left,jps-checkpoints_0 > exit_A_left,18.0,4.909849773753773,22.939450841883833,0.015914243685943078,460.04562207469905,True,next_node_not_visible,0.0,0,1.3
248.0,116,jps-checkpoints_0,exit_B_right,0.004409226076174054,1,exit_B_right,jps-checkpoints_0 > exit_B_right,11.0,4.846998572349548,13.90168277226797,0.006796915852097573,277.6528906377461,False,fallback: next_node_not_visible,0.0,15,1.3
248.0,116,jps-checkpoints_0,exit_B_right,0.004409226076174054,2,exit_A_left,jps-checkpoints_0 > exit_A_left,18.0,4.909849773753773,22.939450841883833,0.007872597942330853,459.96520561726294,True,next_node_not_visible,0.0,0,1.3
248.0,119,jps-checkpoints_0,exit_B_right,0.0032514973154127466,1,exit_B_right,jps-checkpoints_0 > exit_B_right,11.0,4.846998572349548,13.90168277226797,0.005639187091336265,277.64131335013855,False,fallback: next_node_not_visible,0.0,15,1.3
248.0,119,jps-checkpoints_0,exit_B_right,0.0032514973154127466,2,exit_A_left,jps-checkpoints_0 > exit_A_left,18.0,4.909849773753773,22.939450841883833,0.006714869181569546,459.9536283296553,True,next_node_not_visible,0.0,0,1.3
249.0,118,jps-checkpoints_0,exit_B_right,0.004028796379911208,1,exit_B_right,jps-checkpoints_0 > exit_B_right,11.0,4.662018209695816,13.568752157942173,0.005975103706795871,267.4707525703378,False,fallback: next_node_not_visible,0.0,14,1.3
249.0,118,jps-checkpoints_0,exit_B_right,0.004028796379911208,2,exit_A_left,jps-checkpoints_0 > exit_A_left,18.0,4.918171449141069,22.96501323382882,0.008421804765750215,460.7196484703537,True,next_node_not_visible,0.0,0,1.3
250.0,114,jps-checkpoints_0,exit_B_right,0.005621654214961652,1,exit_B_right,jps-checkpoints_0 > exit_B_right,11.0,4.212041407823563,12.821788512136248,0.006769912804196843,242.7299765583379,False,fallback: next_node_not_visible,0.0,14,1.3
250.0,114,jps-checkpoints_0,exit_B_right,0.005621654214961652,2,exit_A_left,jps-checkpoints_0 > exit_A_left,18.0,5.0089734467593106,23.24768525354135,0.010729810749080158,468.9149083158287,True,next_node_not_visible,0.0,0,1.3
250.0,123,jps-checkpoints_0,exit_B_right,0.0018329750240202963,1,exit_B_right,jps-checkpoints_0 > exit_B_right,11.0,4.212041407823563,12.821788512136248,0.002981233613255488,242.6920897664285,False,fallback: next_node_not_visible,0.0,14,1.3
250.0,123,jps-checkpoints_0,exit_B_right,0.0018329750240202963,2,exit_A_left,jps-checkpoints_0 > exit_A_left,18.0,5.0089734467593106,23.24768525354135,0.006941131558138802,468.87702152391927,True,next_node_not_visible,0.0,0,1.3
251.0,115,jps-checkpoints_0,exit_B_right,0.004897267256373005,1,exit_B_right,jps-checkpoints_0 > exit_B_right,11.0,4.482012629508972,13.259735729550307,0.008664373526808197,257.59733835826154,False,fallback: next_node_not_visible,0.0,14,1.3
251.0,115,jps-checkpoints_0,exit_B_right,0.004897267256373005,2,exit_A_left,jps-checkpoints_0 > exit_A_left,18.0,4.919731356880882,22.969811275789674,0.009159410018928393,460.8674162194686,True,next_node_not_visible,0.0,0,1.3
251.0,124,jps-checkpoints_0,exit_B_right,0.0015516968089667434,1,exit_B_right,jps-checkpoints_0 > exit_B_right,11.0,4.482012629508972,13.259735729550307,0.005318803079401937,257.5638826537875,False,fallback: next_node_not_visible,0.0,14,1.3
251.0,124,jps-checkpoints_0,exit_B_right,0.0015516968089667434,2,exit_A_left,jps-checkpoints_0 > exit_A_left,18.0,4.919731356880882,22.969811275789674,0.005813839571522133,460.83396051499454,True,next_node_not_visible,0.0,0,1.3
254.0,117,jps-checkpoints_0,exit_B_right,0.004598700983809325,1,exit_B_right,jps-checkpoints_0 > exit_B_right,11.0,4.947220504283905,14.088979636921293,0.009101875097112293,283.1881464865859,False,fallback: next_node_not_visible,0.0,15,1.3
254.0,117,jps-checkpoints_0,exit_B_right,0.004598700983809325,2,exit_A_left,jps-checkpoints_0 > exit_A_left,18.0,5.160775964910334,23.73612329832832,0.008876036425167811,482.5585972061818,True,next_node_not_visible,0.0,0,1.3
254.0,122,jps-checkpoints_0,exit_B_right,0.0032343019276407804,1,exit_B_right,jps-checkpoints_0 > exit_B_right,11.0,4.947220504283905,14.088979636921293,0.007737476040943748,283.1745024960242,False,fallback: next_node_not_visible,0.0,15,1.3
254.0,122,jps-checkpoints_0,exit_B_right,0.0032343019276407804,2,exit_A_left,jps-checkpoints_0 > exit_A_left,18.0,5.160775964910334,23.73612329832832,0.007511637368999266,482.54495321562007,True,next_node_not_visible,0.0,0,1.3
255.0,120,jps-checkpoints_0,exit_B_right,0.01116001855325089,1,exit_B_right,jps-checkpoints_0 > exit_B_right,11.0,4.1789442747831345,12.770081021812233,0.011912341492361684,240.96105852799602,False,fallback: next_node_not_visible,0.0,15,1.3
255.0,120,jps-checkpoints_0,exit_B_right,0.01116001855325089,2,exit_A_left,jps-checkpoints_0 > exit_A_left,18.0,5.186548189683394,23.821093057470815,0.015547200779386643,484.9448090792993,True,next_node_not_visible,0.0,0,1.3
257.0,121,jps-checkpoints_0,exit_B_right,0.00593255209118931,1,exit_B_right,jps-checkpoints_0 > exit_B_right,11.0,4.149464994668961,12.724375588765637,0.007995826401214675,239.30053297080497,False,fallback: next_node_not_visible,0.0,14,1.3
257.0,121,jps-checkpoints_0,exit_B_right,0.00593255209118931,2,exit_A_left,jps-checkpoints_0 > exit_A_left,18.0,4.859558322212913,22.786169423110767,0.00929949805818498,455.453243979744,True,next_node_not_visible,0.0,0,1.3
258.0,116,jps-checkpoints_0,exit_B_right,0.011423688995063836,1,exit_B_right,jps-checkpoints_0 > exit_B_right,11.0,4.021700471639633,12.530010167934911,0.012620138179735414,232.31972732197718,False,fallback: next_node_not_visible,0.0,15,1.3
258.0,116,jps-checkpoints_0,exit_B_right,0.011423688995063836,2,exit_A_left,jps-checkpoints_0 > exit_A_left,18.0,4.943632277575406,23.043578421739415,0.014862637907525459,463.0755313608619,True,next_node_not_visible,0.0,0,1.3
258.0,119,jps-checkpoints_0,exit_B_right,0.00566426385515238,1,exit_B_right,jps-checkpoints_0 > exit_B_right,11.0,4.021700471639633,12.530010167934911,0.006860713039823956,232.26213307057807,False,fallback: next_node_not_visible,0.0,15,1.3
258.0,119,jps-checkpoints_0,exit_B_right,0.00566426385515238,2,exit_A_left,jps-checkpoints_0 > exit_A_left,18.0,4.943632277575406,23.043578421739415,0.009103212767614003,463.01793710946276,True,next_node_not_visible,0.0,0,1.3
259.0,118,jps-checkpoints_0,exit_B_right,0.008954750196702593,1,exit_B_right,jps-checkpoints_0 > exit_B_right,11.0,4.187490522861481,12.783392800956637,0.010190423354050359,241.41388299092193,False,fallback: next_node_not_visible,0.0,14,1.3
259.0,118,jps-checkpoints_0,exit_B_right,0.008954750196702593,2,exit_A_left,jps-checkpoints_0 > exit_A_left,18.0,4.8145483840595595,22.650712065473222,0.012265955819923536,451.4320141235596,True,next_node_not_visible,0.0,0,1.3
259.0,126,jps-checkpoints_0,exit_B_right,0.0028107895759614046,1,exit_B_right,jps-checkpoints_0 > exit_B_right,11.0,4.187490522861481,12.783392800956637,0.004046462733309171,241.35244338471452,False,fallback: next_node_not_visible,0.0,14,1.3
259.0,126,jps-checkpoints_0,exit_B_right,0.0028107895759614046,2,exit_A_left,jps-checkpoints_0 > exit_A_left,18.0,4.8145483840595595,22.650712065473222,0.0061219951991823476,451.37057451735217,True,next_node_not_visible,0.0,0,1.3
260.0,123,jps-checkpoints_0,exit_B_right,0.003660945864902843,1,exit_B_right,jps-checkpoints_0 > exit_B_right,11.0,4.494286701083183,13.280358839241817,0.0049373319533778486,258.2351418791089,False,fallback: next_node_not_visible,0.0,15,1.3
260.0,123,jps-checkpoints_0,exit_B_right,0.003660945864902843,2,exit_A_left,jps-checkpoints_0 > exit_A_left,18.0,4.8698156313462695,22.81726576979068,0.007097681760668141,456.3543836387709,True,next_node_not_visible,0.0,0,1.3
261.0,124,jps-checkpoints_0,exit_B_right,0.00441712167630324,1,exit_B_right,jps-checkpoints_0 > exit_B_right,11.0,4.577304795384407,13.421549525731637,0.005545214403853705,262.80721589018094,False,fallback: next_node_not_visible,0.0,15,1.3
261.0,124,jps-checkpoints_0,exit_B_right,0.00441712167630324,2,exit_A_left,jps-checkpoints_0 > exit_A_left,18.0,4.908672267740423,22.93583839248626,0.007389442777752466,459.85439852441556,True,next_node_not_visible,0.0,0,1.3
262.0,125,jps-checkpoints_0,exit_B_right,0.003992286249733245,1,exit_B_right,jps-checkpoints_0 > exit_B_right,11.0,4.537859484553337,13.354091564348163,0.005824325466860506,260.6405149051021,False,fallback: next_node_not_visible,0.0,15,1.3
262.0,125,jps-checkpoints_0,exit_B_right,0.003992286249733245,2,exit_A_left,jps-checkpoints_0 > exit_A_left,18.0,4.759002555500377,22.48575090396786,0.006970102581757764,446.3799310208515,True,next_node_not_visible,0.0,0,1.3
263.0,127,jps-checkpoints_0,exit_B_right,0.003362119509307243,1,exit_B_right,jps-checkpoints_0 > exit_B_right,11.0,4.388872042298317,13.105302163229707,0.005475576039053073,252.44271808679795,False,fallback: next_node_not_visible,0.0,15,1.3
263.0,127,jps-checkpoints_0,exit_B_right,0.003362119509307243,2,exit_A_left,jps-checkpoints_0 > exit_A_left,18.0,4.572718706997958,21.949644386292054,0.00602575998865134,429.6049412297027,True,next_node_not_visible,0.0,0,1.3
264.0,122,jps-checkpoints_0,exit_B_right,0.006041436957339009,1,exit_B_right,jps-checkpoints_0 > exit_B_right,11.0,4.163168877363205,12.7455816784808,0.007515447541310996,240.0494427303894,False,fallback: next_node_not_visible,0.0,15,1.3
264.0,122,jps-checkpoints_0,exit_B_right,0.006041436957339009,2,exit_A_left,jps-checkpoints_0 > exit_A_left,18.0,4.577259410511363,21.962407939400855,0.008559022320944824,430.03893716923216,True,next_node_not_visible,0.0,0,1.3
268.0,119,jps-checkpoints_0,exit_B_right,0.01328869978440183,1,exit_B_right,jps-checkpoints_0 > exit_B_right,11.0,3.871605798602104,12.3091259235422,0.014785969396935206,224.0861786170851,False,fallback: next_node_not_visible,0.0,15,1.3
268.0,119,jps-checkpoints_0,exit_B_right,0.01328869978440183,2,exit_A_left,jps-checkpoints_0 > exit_A_left,18.0,4.713846098292958,22.353404563525313,0.016705192735437448,442.4132007737206,True,next_node_not_visible,0.0,0,1.3
268.0,128,jps-checkpoints_0,exit_B_right,0.003984436059436509,1,exit_B_right,jps-checkpoints_0 > exit_B_right,11.0,3.871605798602104,12.3091259235422,0.005481705671969886,223.99313597983542,False,fallback: next_node_not_visible,0.0,15,1.3
268.0,128,jps-checkpoints_0,exit_B_right,0.003984436059436509,2,exit_A_left,jps-checkpoints_0 > exit_A_left,18.0,4.713846098292958,22.353404563525313,0.0074009290104721254,442.3201581364709,True,next_node_not_visible,0.0,0,1.3
269.0,126,jps-checkpoints_0,exit_B_right,0.008497761166773192,1,exit_B_right,jps-checkpoints_0 > exit_B_right,11.0,3.8558807969093323,12.28643435059095,0.010339592916681748,223.1768397591801,False,fallback: next_node_not_visible,0.0,15,1.3
269.0,126,jps-checkpoints_0,exit_B_right,0.008497761166773192,2,exit_A_left,jps-checkpoints_0 > exit_A_left,18.0,4.606457840312611,22.04483833255463,0.012107496118507756,432.7022805893201,True,next_node_not_visible,0.0,0,1.3
269.0,129,jps-checkpoints_0,exit_B_right,0.0035847018885364177,1,exit_B_right,jps-checkpoints_0 > exit_B_right,11.0,3.8558807969093323,12.28643435059095,0.005426533638444973,223.12770916639772,False,fallback: next_node_not_visible,0.0,15,1.3
269.0,129,jps-checkpoints_0,exit_B_right,0.0035847018885364177,2,exit_A_left,jps-checkpoints_0 > exit_A_left,18.0,4.606457840312611,22.04483833255463,0.0071944368402709815,432.6531499965377,True,next_node_not_visible,0.0,0,1.3
270.0,130,jps-checkpoints_0,exit_B_right,0.003662093066162648,1,exit_B_right,jps-checkpoints_0 > exit_B_right,11.0,4.467024266719818,13.234638719925135,0.005486587963063165,256.74120054922065,False,fallback: next_node_not_visible,0.0,15,1.3
270.0,130,jps-checkpoints_0,exit_B_right,0.003662093066162648,2,exit_A_left,jps-checkpoints_0 > exit_A_left,18.0,4.472308353944258,21.671142087641112,0.006655978194649302,420.5743116369297,True,next_node_not_visible,0.0,0,1.3
271.0,124,jps-checkpoints_0,exit_B_right,0.01259190879824928,1,exit_B_right,jps-checkpoints_0 > exit_B_right,11.0,4.475883454084396,13.249461341505198,0.013749332061067154,257.31108329525244,False,fallback: next_node_not_visible,0.0,14,1.3
271.0,124,jps-checkpoints_0,exit_B_right,0.01259190879824928,2,exit_A_left,jps-checkpoints_0 > exit_A_left,18.0,4.356179649179632,21.357728767241056,0.015334636981967301,410.20951479598654,True,next_node_not_visible,0.0,0,1.3
272.0,125,jps-checkpoints_0,exit_B_right,0.006050378684445174,1,exit_B_right,jps-checkpoints_0 > exit_B_right,11.0,4.433185964822769,13.17832661777041,0.006873303153878727,254.8939610967911,False,fallback: next_node_not_visible,0.0,15,1.3
272.0,125,jps-checkpoints_0,exit_B_right,0.006050378684445174,2,exit_A_left,jps-checkpoints_0 > exit_A_left,18.0,4.4909584738991475,21.722335130059562,0.009050161273294402,422.2767642636563,True,next_node_not_visible,0.0,0,1.3
273.0,127,jps-checkpoints_0,exit_B_right,0.005018883411808692,1,exit_B_right,jps-checkpoints_0 > exit_B_right,11.0,4.633572161197662,13.51896399648837,0.006046245010765136,265.9069313159791,False,fallback: next_node_not_visible,0.0,14,1.3
273.0,127,jps-checkpoints_0,exit_B_right,0.005018883411808692,2,exit_A_left,jps-checkpoints_0 > exit_A_left,18.0,4.555178859017112,21.90048030197784,0.008574429916741146,428.05184161070747,True,next_node_not_visible,0.0,0,1.3
273.0,131,jps-checkpoints_0,exit_B_right,0.004017856198845501,1,exit_B_right,jps-checkpoints_0 > exit_B_right,11.0,4.633572161197662,13.51896399648837,0.005045217797801945,265.89692104384943,False,fallback: next_node_not_visible,0.0,14,1.3
273.0,131,jps-checkpoints_0,exit_B_right,0.004017856198845501,2,exit_A_left,jps-checkpoints_0 > exit_A_left,18.0,4.555178859017112,21.90048030197784,0.007573402703777954,428.0418313385778,True,next_node_not_visible,0.0,0,1.3
275.0,132,jps-checkpoints_0,exit_B_right,0.004147003987962752,1,exit_B_right,jps-checkpoints_0 > exit_B_right,11.0,4.47936749458313,13.255299713874694,0.005439977987031769,257.41961198194247,False,fallback: next_node_not_visible,0.0,15,1.3
275.0,132,jps-checkpoints_0,exit_B_right,0.004147003987962752,2,exit_A_left,jps-checkpoints_0 > exit_A_left,18.0,4.774006453427401,22.53007246893689,0.0070721225167866,447.73130203363394,True,next_node_not_visible,0.0,0,1.3
277.0,134,jps-checkpoints_0,exit_B_right,0.0034971043559193595,1,exit_B_right,jps-checkpoints_0 > exit_B_right,11.0,4.401734828948975,13.126415120140848,0.005281915889630178,253.14823475108992,False,fallback: next_node_not_visible,0.0,16,1.3
277.0,134,jps-checkpoints_0,exit_B_right,0.0034971043559193595,2,exit_A_left,jps-checkpoints_0 > exit_A_left,18.0,4.6212169473821465,22.086740803922876,0.006307255380055639,433.9725978181937,True,next_node_not_visible,0.0,0,1.3
278.0,128,jps-checkpoints_0,exit_B_right,0.006205640516836464,1,exit_B_right,jps-checkpoints_0 > exit_B_right,11.0,4.447827830910683,13.202633995133926,0.00957471784320376,255.7262778785196,False,fallback: next_node_not_visible,0.0,17,1.3
278.0,128,jps-checkpoints_0,exit_B_right,0.006205640516836464,2,exit_A_left,jps-checkpoints_0 > exit_A_left,18.0,4.617270057851618,22.075519623573282,0.009064972096654234,433.6449549276122,True,next_node_not_visible,0.0,0,1.3
278.0,135,jps-checkpoints_0,exit_B_right,0.002948763724427415,1,exit_B_right,jps-checkpoints_0 > exit_B_right,11.0,4.447827830910683,13.202633995133926,0.00631784105079471,255.6937091105955,False,fallback: next_node_not_visible,0.0,17,1.3
278.0,135,jps-checkpoints_0,exit_B_right,0.002948763724427415,2,exit_A_left,jps-checkpoints_0 > exit_A_left,18.0,4.617270057851618,22.075519623573282,0.005808095304245186,433.6123861596881,True,next_node_not_visible,0.0,0,1.3
279.0,126,jps-checkpoints_0,exit_B_right,0.018443454957523173,1,exit_B_right,jps-checkpoints_0 > exit_B_right,11.0,4.074096590280533,12.608996488927641,0.01939133161197161,235.269225781549,False,fallback: next_node_not_visible,0.0,16,1.3
279.0,126,jps-checkpoints_0,exit_B_right,0.018443454957523173,2,exit_A_left,jps-checkpoints_0 > exit_A_left,18.0,4.574916882948442,21.955821429402068,0.021402963701569203,429.9565491023755,True,next_node_not_visible,0.0,0,1.3
279.0,129,jps-checkpoints_0,exit_B_right,0.00625956563034969,1,exit_B_right,jps-checkpoints_0 > exit_B_right,11.0,4.074096590280533,12.608996488927641,0.007207442284798126,235.14738688827728,False,fallback: next_node_not_visible,0.0,16,1.3
279.0,129,jps-checkpoints_0,exit_B_right,0.00625956563034969,2,exit_A_left,jps-checkpoints_0 > exit_A_left,18.0,4.574916882948442,21.955821429402068,0.009219074374395718,429.8347102091038,True,next_node_not_visible,0.0,0,1.3
279.0,133,jps-checkpoints_0,exit_B_right,0.004113506396369289,1,exit_B_right,jps-checkpoints_0 > exit_B_right,11.0,4.074096590280533,12.608996488927641,0.005061383050817725,235.1259262959375,False,fallback: next_node_not_visible,0.0,16,1.3
279.0,133,jps-checkpoints_0,exit_B_right,0.004113506396369289,2,exit_A_left,jps-checkpoints_0 > exit_A_left,18.0,4.574916882948442,21.955821429402068,0.007073015140415317,429.813249616764,True,next_node_not_visible,0.0,0,1.3
280.0,130,jps-checkpoints_0,exit_B_right,0.006049445381426182,1,exit_B_right,jps-checkpoints_0 > exit_B_right,11.0,4.791335552930832,13.799793713369663,0.007713124051129363,274.60058665170703,False,fallback: next_node_not_visible,0.0,16,1.3
280.0,130,jps-checkpoints_0,exit_B_right,0.006049445381426182,2,exit_A_left,jps-checkpoints_0 > exit_A_left,18.0,4.546618786725131,21.876566356654912,0.009388540425396018,427.2895762095157,True,next_node_not_visible,0.0,0,1.3
282.0,125,jps-checkpoints_0,exit_B_right,0.007359350095431698,1,exit_B_right,jps-checkpoints_0 > exit_B_right,11.0,5.382347404956818,14.964312139966543,0.009793161317611522,307.1270388858011,False,fallback: next_node_not_visible,0.0,17,1.3
282.0,125,jps-checkpoints_0,exit_B_right,0.007359350095431698,2,exit_A_left,jps-checkpoints_0 > exit_A_left,18.0,4.769821687178179,22.517693094747894,0.010812872932714468,447.3920805753632,True,next_node_not_visible,0.0,0,1.3
283.0,131,jps-checkpoints_0,exit_B_right,0.006973364618331418,1,exit_B_right,jps-checkpoints_0 > exit_B_right,11.0,4.928303211927414,14.05324117659617,0.009406159868949628,282.1507382546973,False,fallback: next_node_not_visible,0.0,15,1.3
283.0,131,jps-checkpoints_0,exit_B_right,0.006973364618331418,2,exit_A_left,jps-checkpoints_0 > exit_A_left,18.0,4.692633737217296,22.291770860506155,0.010301838562981407,440.44005473518644,True,next_node_not_visible,0.0,0,1.3
283.0,136,jps-checkpoints_0,exit_B_right,0.003740306589463441,1,exit_B_right,jps-checkpoints_0 > exit_B_right,11.0,4.928303211927414,14.05324117659617,0.006173101840081651,282.11840767440856,False,fallback: next_node_not_visible,0.0,15,1.3
283.0,136,jps-checkpoints_0,exit_B_right,0.003740306589463441,2,exit_A_left,jps-checkpoints_0 > exit_A_left,18.0,4.692633737217296,22.291770860506155,0.00706878053411343,440.4077241548978,True,next_node_not_visible,0.0,0,1.3
285.0,132,jps-checkpoints_0,exit_B_right,0.006025807930918962,1,exit_B_right,jps-checkpoints_0 > exit_B_right,11.0,5.463952571153641,15.140729794114252,0.008695296779809993,311.6043443812483,False,fallback: next_node_not_visible,0.0,16,1.3
285.0,132,jps-checkpoints_0,exit_B_right,0.006025807930918962,2,exit_A_left,jps-checkpoints_0 > exit_A_left,18.0,4.780421105298129,22.549074735596356,0.009284224345260028,448.33074172028415,True,next_node_not_visible,0.0,0,1.3
285.0,137,jps-checkpoints_0,exit_B_right,0.003979002188536622,1,exit_B_right,jps-checkpoints_0 > exit_B_right,11.0,5.463952571153641,15.140729794114252,0.006648491037427652,311.58387632382454,False,fallback: next_node_not_visible,0.0,16,1.3
285.0,137,jps-checkpoints_0,exit_B_right,0.003979002188536622,2,exit_A_left,jps-checkpoints_0 > exit_A_left,18.0,4.780421105298129,22.549074735596356,0.007237418602877688,448.3102736628603,True,next_node_not_visible,0.0,0,1.3
285.0,139,jps-checkpoints_0,exit_B_right,0.002756208265591038,1,exit_B_right,jps-checkpoints_0 > exit_B_right,11.0,5.463952571153641,15.140729794114252,0.005425697114482068,311.57164838459505,False,fallback: next_node_not_visible,0.0,16,1.3
285.0,139,jps-checkpoints_0,exit_B_right,0.002756208265591038,2,exit_A_left,jps-checkpoints_0 > exit_A_left,18.0,4.780421105298129,22.549074735596356,0.006014624679932103,448.2980457236309,True,next_node_not_visible,0.0,0,1.3
287.0,134,jps-checkpoints_0,exit_B_right,0.005975352998771926,1,exit_B_right,jps-checkpoints_0 > exit_B_right,11.0,6.384696841239929,17.46369554699017,0.0261791793853971,362.42011806205005,False,fallback: next_node_not_visible,0.0,16,1.3
287.0,134,jps-checkpoints_0,exit_B_right,0.005975352998771926,2,exit_A_left,jps-checkpoints_0 > exit_A_left,18.0,4.853810852224177,22.768782255525856,0.008614678675641693,454.9291234869324,True,next_node_not_visible,0.0,0,1.3
288.0,135,jps-checkpoints_0,exit_B_right,0.005954399112403263,1,exit_B_right,jps-checkpoints_0 > exit_B_right,11.0,6.548044323921204,17.95233712111522,0.024034643645670498,371.3827842521229,False,fallback: next_node_not_visible,0.0,16,1.3
288.0,135,jps-checkpoints_0,exit_B_right,0.005954399112403263,2,exit_A_left,jps-checkpoints_0 > exit_A_left,18.0,4.8948773687536065,22.893601858476494,0.00874064958088288,458.62636968363336,True,next_node_not_visible,0.0,0,1.3
289.0,133,jps-checkpoints_0,exit_B_right,0.006177044418900041,1,exit_B_right,jps-checkpoints_0 > exit_B_right,11.0,6.954387307167053,19.295373482256657,0.023566813360172974,393.72697002778966,False,fallback: next_node_not_visible,0.0,15,1.3
289.0,133,jps-checkpoints_0,exit_B_right,0.006177044418900041,2,exit_A_left,jps-checkpoints_0 > exit_A_left,18.0,5.00783651525324,23.244102905229465,0.008928547717908075,468.7945718499707,True,next_node_not_visible,0.0,0,1.3
290.0,138,jps-checkpoints_0,exit_B_right,0.004643643696746618,1,exit_B_right,jps-checkpoints_0 > exit_B_right,11.0,5.869377672672272,16.082700136586602,0.007632314240629514,333.89209513938124,False,fallback: next_node_not_visible,0.0,16,1.3
290.0,138,jps-checkpoints_0,exit_B_right,0.004643643696746618,2,exit_A_left,jps-checkpoints_0 > exit_A_left,18.0,4.862415010278875,22.79482132003547,0.007885164751629927,455.696202572615,True,next_node_not_visible,0.0,0,1.3
290.0,140,jps-checkpoints_0,exit_B_right,0.003965717155113925,1,exit_B_right,jps-checkpoints_0 > exit_B_right,11.0,5.869377672672272,16.082700136586602,0.00695438769899682,333.88531587396494,False,fallback: next_node_not_visible,0.0,16,1.3
290.0,140,jps-checkpoints_0,exit_B_right,0.003965717155113925,2,exit_A_left,jps-checkpoints_0 > exit_A_left,18.0,4.862415010278875,22.79482132003547,0.007207238209997234,455.6894233071987,True,next_node_not_visible,0.0,0,1.3
290.0,142,jps-checkpoints_0,exit_B_right,0.0026110010976563313,1,exit_B_right,jps-checkpoints_0 > exit_B_right,11.0,5.869377672672272,16.082700136586602,0.005599671641539227,333.87176871339034,False,fallback: next_node_not_visible,0.0,16,1.3
290.0,142,jps-checkpoints_0,exit_B_right,0.0026110010976563313,2,exit_A_left,jps-checkpoints_0 > exit_A_left,18.0,4.862415010278875,22.79482132003547,0.00585252215253964,455.6758761466241,True,next_node_not_visible,0.0,0,1.3
293.0,136,jps-checkpoints_0,exit_B_right,0.005967578746952493,1,exit_B_right,jps-checkpoints_0 > exit_B_right,11.0,5.760980844497681,15.819557815721758,0.009046413149622762,327.94441057886866,False,fallback: next_node_not_visible,0.0,15,1.3
293.0,136,jps-checkpoints_0,exit_B_right,0.005967578746952493,2,exit_A_left,jps-checkpoints_0 > exit_A_left,18.0,4.690371556715532,22.285218018241704,0.008849580671383923,440.22193591111176,True,next_node_not_visible,0.0,0,1.3
295.0,137,jps-checkpoints_0,exit_B_right,0.006168021828535158,1,exit_B_right,jps-checkpoints_0 > exit_B_right,11.0,5.134008169174194,14.451867571900904,0.008676204564974182,293.4572113502304,False,fallback: next_node_not_visible,0.0,16,1.3
295.0,137,jps-checkpoints_0,exit_B_right,0.006168021828535158,2,exit_A_left,jps-checkpoints_0 > exit_A_left,18.0,4.962852131236684,23.10324263783876,0.009903419312827268,464.7557260044298,True,next_node_not_visible,0.0,0,1.3
295.0,139,jps-checkpoints_0,exit_B_right,0.005794481620061353,1,exit_B_right,jps-checkpoints_0 > exit_B_right,11.0,5.134008169174194,14.451867571900904,0.008302664356500377,293.4534759481457,False,fallback: next_node_not_visible,0.0,16,1.3
295.0,139,jps-checkpoints_0,exit_B_right,0.005794481620061353,2,exit_A_left,jps-checkpoints_0 > exit_A_left,18.0,4.962852131236684,23.10324263783876,0.009529879104353461,464.7519906023451,True,next_node_not_visible,0.0,0,1.3
298.0,135,jps-checkpoints_0,exit_B_right,0.01587714143205895,1,exit_B_right,jps-checkpoints_0 > exit_B_right,11.0,5.0523295402526855,14.290909374670317,0.022733983732033215,289.10546455121806,False,fallback: next_node_not_visible,0.0,17,1.3
298.0,135,jps-checkpoints_0,exit_B_right,0.01587714143205895,2,exit_A_left,jps-checkpoints_0 > exit_A_left,18.0,4.868437246842817,22.813082085081028,0.018925622774608897,456.3486084435997,True,next_node_not_visible,0.0,0,1.3
298.0,141,jps-checkpoints_0,exit_B_right,0.005231172463079324,1,exit_B_right,jps-checkpoints_0 > exit_B_right,11.0,5.0523295402526855,14.290909374670317,0.01208801476305359,288.99900486152825,False,fallback: next_node_not_visible,0.0,17,1.3
298.0,141,jps-checkpoints_0,exit_B_right,0.005231172463079324,2,exit_A_left,jps-checkpoints_0 > exit_A_left,18.0,4.868437246842817,22.813082085081028,0.008279653805629273,456.2421487539099,True,next_node_not_visible,0.0,0,1.3
299.0,146,jps-checkpoints_0,exit_B_right,0.0031682999266570543,1,exit_B_right,jps-checkpoints_0 > exit_B_right,11.0,6.6730124950408936,18.345036127425832,0.04271809136494915,378.4428681408986,False,fallback: next_node_not_visible,0.0,17,1.3
299.0,146,jps-checkpoints_0,exit_B_right,0.0031682999266570543,2,exit_A_left,jps-checkpoints_0 > exit_A_left,18.0,4.74771768396551,22.452530087367993,0.005926578123883745,445.35385733813473,True,next_node_not_visible,0.0,0,1.3
